Loan_ID,Gender,Married,Dependents,Education,Self_Employed,ApplicantIncome,CoapplicantIncome,LoanAmount,Loan_Amount_Term,Credit_History,Property_Area,Loan_Status
LP1000,Male,No,1,Not Graduate,No,3135.0,0.0,179.0,360.0,1.0,Semiurban,N
LP1001,Female,No,0,Graduate,Yes,11268.0,0.0,453.0,240.0,1.0,Semiurban,Y
LP1002,Male,Yes,2,Graduate,No,4693.0,842.0,198.0,360.0,1.0,Semiurban,Y
LP1003,Male,Yes,1,Graduate,No,7342.0,1203.0,356.0,360.0,1.0,Urban,Y
LP1004,Male,Yes,0,Graduate,No,2944.0,1350.0,158.0,360.0,0.0,Urban,N
LP1005,Male,No,3+,Graduate,No,6430.0,0.0,255.0,240.0,1.0,Urban,Y
LP1006,Male,No,0,Graduate,No,7155.0,639.0,303.0,360.0,1.0,Urban,Y
LP1007,Female,Yes,0,Graduate,No,7700.0,1421.0,317.0,360.0,0.0,Semiurban,N
LP1008,Male,No,1,Graduate,No,8592.0,1819.0,443.0,360.0,1.0,Semiurban,Y
LP1009,Male,Yes,0,Graduate,No,5772.0,1650.0,308.0,360.0,1.0,Urban,N
LP1010,Male,Yes,2,Graduate,No,2184.0,0.0,88.0,360.0,1.0,Urban,Y
LP1011,Female,Yes,2,Graduate,No,5141.0,3966.0,322.0,360.0,1.0,Urban,Y
LP1012,Female,Yes,3+,Graduate,No,7581.0,4619.0,415.0,180.0,1.0,Rural,Y
LP1013,Male,Yes,0,Graduate,No,6528.0,2124.0,281.0,360.0,1.0,Semiurban,Y
LP1014,Male,Yes,0,Graduate,No,6961.0,2431.0,325.0,360.0,1.0,Rural,Y
LP1015,Male,Yes,2,Graduate,No,7917.0,0.0,351.0,180.0,1.0,Rural,Y
LP1016,Male,No,0,Graduate,Yes,3306.0,1748.0,173.0,360.0,1.0,Semiurban,Y
LP1017,Male,Yes,0,Not Graduate,No,8098.0,0.0,356.0,360.0,1.0,Semiurban,Y
LP1018,Male,Yes,0,Graduate,No,11963.0,1258.0,515.0,120.0,1.0,Urban,Y
LP1019,Male,No,0,Graduate,Yes,4805.0,0.0,166.0,360.0,1.0,Semiurban,Y
LP1020,Male,Yes,0,Graduate,No,8672.0,0.0,325.0,180.0,1.0,Urban,Y
LP1021,Male,Yes,2,Not Graduate,No,5932.0,1076.0,277.0,180.0,1.0,Rural,Y
LP1022,Male,No,2,Graduate,No,6875.0,0.0,226.0,360.0,1.0,Urban,Y
LP1023,Male,Yes,0,Graduate,No,8300.0,1377.0,350.0,360.0,,Rural,Y
LP1024,Male,Yes,0,Graduate,No,6511.0,958.0,276.0,360.0,1.0,Urban,Y
LP1025,Male,Yes,0,Graduate,Yes,4672.0,289.0,220.0,360.0,1.0,Rural,Y
LP1026,Male,No,2,Graduate,No,6643.0,0.0,274.0,360.0,1.0,Urban,N
LP1027,Male,Yes,0,Graduate,No,3700.0,0.0,154.0,360.0,,Semiurban,Y
LP1028,Male,No,1,Not Graduate,No,2725.0,329.0,133.0,360.0,1.0,Semiurban,N
LP1029,Male,Yes,0,Graduate,No,1738.0,0.0,101.0,360.0,1.0,Urban,Y
LP1030,Male,Yes,1,Graduate,No,10490.0,1778.0,474.0,360.0,,Semiurban,N
LP1031,Male,Yes,0,Graduate,No,7033.0,1891.0,307.0,360.0,1.0,Rural,Y
LP1032,Male,No,2,Graduate,No,7738.0,1368.0,356.0,180.0,1.0,Urban,Y
LP1033,Female,Yes,0,Not Graduate,No,6344.0,779.0,252.0,360.0,,Rural,N
LP1034,Female,Yes,1,Graduate,,2415.0,0.0,35.0,180.0,1.0,Semiurban,Y
LP1035,Female,Yes,0,Graduate,No,10163.0,3599.0,520.0,360.0,1.0,Rural,Y
LP1036,Male,Yes,1,Graduate,No,4676.0,2238.0,270.0,360.0,1.0,Semiurban,Y
LP1037,Male,No,2,Not Graduate,No,1832.0,0.0,84.0,360.0,,Semiurban,Y
LP1038,Male,Yes,0,Graduate,No,5112.0,0.0,220.0,120.0,1.0,Rural,Y
LP1039,Male,Yes,2,Graduate,,9611.0,699.0,439.0,360.0,1.0,Semiurban,Y
LP1040,Male,Yes,1,Graduate,No,3673.0,636.0,137.0,120.0,1.0,Semiurban,N
LP1041,Male,No,0,Graduate,No,4908.0,1443.0,228.0,180.0,1.0,Urban,Y
LP1042,Male,Yes,0,Not Graduate,No,4748.0,725.0,173.0,360.0,,Urban,Y
LP1043,Female,Yes,0,Graduate,No,3620.0,241.0,166.0,360.0,0.0,Semiurban,N
LP1044,Male,No,1,Graduate,No,5980.0,2039.0,337.0,360.0,1.0,Semiurban,Y
LP1045,Male,No,2,Graduate,Yes,3858.0,2651.0,218.0,360.0,1.0,Semiurban,Y
LP1046,Male,Yes,0,Graduate,No,10362.0,0.0,436.0,360.0,1.0,Urban,Y
LP1047,Male,Yes,0,Graduate,No,2625.0,0.0,82.0,240.0,1.0,Semiurban,Y
LP1048,Male,Yes,2,Not Graduate,No,3100.0,1540.0,,,1.0,Urban,N
LP1049,Male,Yes,3+,Graduate,No,4905.0,1202.0,,180.0,1.0,Semiurban,Y
LP1050,Female,Yes,0,Not Graduate,No,5671.0,0.0,273.0,360.0,1.0,Rural,Y
LP1051,Male,Yes,3+,Graduate,No,4139.0,1864.0,189.0,360.0,1.0,Rural,Y
LP1052,Female,Yes,0,Graduate,No,7973.0,0.0,324.0,360.0,1.0,Urban,Y
LP1053,Female,Yes,0,Graduate,No,5224.0,0.0,251.0,360.0,1.0,Rural,Y
LP1054,Male,No,2,Graduate,No,7216.0,1432.0,297.0,240.0,1.0,Semiurban,Y
LP1055,Female,No,0,Not Graduate,No,10023.0,0.0,454.0,180.0,1.0,Semiurban,Y
LP1056,Male,Yes,0,Not Graduate,No,11527.0,679.0,545.0,360.0,,Urban,Y
LP1057,Male,Yes,0,Graduate,No,4959.0,1370.0,260.0,360.0,1.0,Semiurban,Y
LP1058,Male,Yes,2,Graduate,Yes,5957.0,2521.0,314.0,360.0,1.0,Urban,Y
LP1059,Male,No,2,Graduate,No,1187.0,0.0,42.0,360.0,1.0,Semiurban,N
LP1060,Male,Yes,0,Not Graduate,No,6496.0,798.0,301.0,360.0,1.0,Urban,N
LP1061,Male,Yes,0,Not Graduate,No,5034.0,1535.0,270.0,360.0,,Urban,Y
LP1062,Female,Yes,0,Graduate,No,3509.0,0.0,80.0,360.0,1.0,Urban,Y
LP1063,Male,Yes,1,Graduate,No,8912.0,729.0,370.0,180.0,0.0,Urban,N
LP1064,Male,Yes,0,Graduate,No,3510.0,4576.0,260.0,360.0,0.0,Urban,N
LP1065,Male,Yes,2,Graduate,No,9308.0,0.0,,180.0,1.0,Semiurban,Y
LP1066,Male,Yes,0,Graduate,,6976.0,1218.0,294.0,360.0,1.0,Urban,Y
LP1067,Female,No,0,Graduate,No,6385.0,4351.0,347.0,120.0,1.0,Semiurban,Y
LP1068,Male,Yes,0,Graduate,,4008.0,0.0,207.0,60.0,0.0,Urban,N
LP1069,Female,No,,Graduate,No,2076.0,1632.0,114.0,360.0,1.0,Rural,Y
LP1070,Male,No,3+,Not Graduate,No,8811.0,0.0,348.0,360.0,1.0,Rural,Y
LP1071,Male,Yes,0,Graduate,No,3983.0,0.0,150.0,360.0,1.0,Urban,Y
LP1072,,Yes,0,Graduate,No,7171.0,1915.0,328.0,360.0,1.0,Semiurban,Y
LP1073,Female,Yes,0,Graduate,No,7344.0,986.0,336.0,360.0,0.0,Urban,N
LP1074,Male,Yes,0,Graduate,No,5713.0,1355.0,260.0,360.0,1.0,Rural,Y
LP1075,Male,No,0,Graduate,No,6420.0,0.0,275.0,180.0,1.0,Semiurban,Y
LP1076,Male,No,0,Not Graduate,No,6931.0,811.0,,360.0,,Urban,N
LP1077,Male,Yes,0,Graduate,No,6183.0,5560.0,381.0,360.0,1.0,Urban,Y
LP1078,Male,Yes,1,Graduate,Yes,3793.0,2460.0,235.0,360.0,1.0,Urban,Y
LP1079,Male,No,0,Graduate,No,2638.0,1167.0,149.0,240.0,0.0,Semiurban,N
LP1080,Female,No,0,Graduate,No,4156.0,0.0,131.0,360.0,,Semiurban,N
LP1081,Male,No,3+,Graduate,No,4767.0,0.0,210.0,360.0,0.0,Semiurban,N
LP1082,Male,Yes,0,Graduate,Yes,10264.0,707.0,424.0,240.0,1.0,Semiurban,Y
LP1083,Male,Yes,0,Graduate,No,3166.0,237.0,181.0,360.0,1.0,Urban,Y
LP1084,Male,No,0,Graduate,Yes,10929.0,0.0,467.0,360.0,1.0,Urban,Y
LP1085,Male,No,0,Graduate,No,12520.0,1388.0,542.0,360.0,1.0,Urban,Y
LP1086,Male,Yes,2,Graduate,No,4226.0,0.0,163.0,360.0,1.0,Rural,N
LP1087,Male,Yes,0,Not Graduate,No,12317.0,0.0,545.0,360.0,1.0,Urban,Y
LP1088,Female,Yes,1,Graduate,No,5331.0,2935.0,284.0,240.0,0.0,Semiurban,N
LP1089,Male,Yes,0,Graduate,No,4934.0,0.0,205.0,360.0,1.0,Urban,N
LP1090,Male,Yes,0,Graduate,No,10268.0,2666.0,489.0,360.0,1.0,Urban,Y
LP1091,Male,No,2,Graduate,No,6288.0,2371.0,358.0,360.0,1.0,Semiurban,Y
LP1092,Male,Yes,0,Graduate,Yes,5871.0,1288.0,312.0,360.0,0.0,Semiurban,N
LP1093,Male,No,1,Graduate,No,4128.0,0.0,181.0,360.0,1.0,Semiurban,Y
LP1094,Male,Yes,0,Graduate,No,4303.0,0.0,156.0,120.0,1.0,Semiurban,Y
LP1095,Male,No,1,Not Graduate,No,5966.0,0.0,234.0,240.0,1.0,Semiurban,Y
LP1096,Male,No,0,Graduate,No,10266.0,332.0,384.0,360.0,1.0,Urban,Y
LP1097,Male,Yes,2,Graduate,No,3175.0,0.0,134.0,360.0,1.0,Semiurban,Y
LP1098,Male,Yes,0,Not Graduate,No,5461.0,2691.0,275.0,360.0,,Semiurban,N
LP1099,Male,Yes,2,Graduate,No,2866.0,1713.0,233.0,120.0,1.0,Urban,Y
LP1100,Male,Yes,0,Graduate,No,4025.0,959.0,173.0,360.0,1.0,Semiurban,Y
LP1101,Male,No,1,Not Graduate,No,7642.0,1426.0,379.0,360.0,,Urban,Y
LP1102,Male,No,0,Graduate,No,3665.0,1495.0,237.0,180.0,,Urban,Y
LP1103,Male,Yes,3+,Graduate,No,9099.0,686.0,409.0,360.0,1.0,Semiurban,Y
LP1104,Female,Yes,0,Graduate,No,3656.0,0.0,131.0,360.0,0.0,Rural,N
LP1105,Male,Yes,0,Graduate,No,4367.0,0.0,157.0,360.0,,Rural,Y
LP1106,Male,No,0,Graduate,No,2190.0,78.0,178.0,360.0,1.0,Urban,N
LP1107,Male,Yes,0,Not Graduate,No,9106.0,1414.0,466.0,360.0,1.0,Semiurban,Y
LP1108,Male,Yes,0,Graduate,No,8512.0,0.0,350.0,360.0,0.0,Semiurban,N
LP1109,Male,Yes,3+,Graduate,No,2905.0,1396.0,148.0,360.0,1.0,Urban,N
LP1110,Male,Yes,3+,Not Graduate,Yes,4949.0,856.0,198.0,360.0,1.0,Rural,N
LP1111,Male,Yes,0,Graduate,No,4753.0,0.0,,360.0,1.0,Semiurban,N
LP1112,Female,No,3+,Graduate,No,4563.0,0.0,204.0,240.0,1.0,Rural,N
LP1113,Female,Yes,0,Graduate,,12562.0,2186.0,637.0,360.0,1.0,Urban,Y
LP1114,Male,Yes,0,Graduate,No,4534.0,2094.0,241.0,360.0,1.0,Urban,Y
LP1115,Female,No,1,Graduate,,3755.0,1283.0,225.0,360.0,,Rural,N
LP1116,Female,No,1,Graduate,No,2316.0,0.0,120.0,360.0,1.0,Semiurban,Y
LP1117,Male,Yes,3+,Not Graduate,No,3847.0,593.0,163.0,360.0,0.0,Rural,N
LP1118,Female,Yes,0,Not Graduate,No,10250.0,4608.0,578.0,360.0,1.0,Urban,Y
LP1119,Male,Yes,1,Not Graduate,No,6257.0,2287.0,350.0,60.0,1.0,Semiurban,Y
LP1120,Female,Yes,0,Not Graduate,No,6263.0,0.0,,360.0,1.0,Semiurban,Y
LP1121,Female,Yes,0,Graduate,No,3957.0,1563.0,193.0,360.0,1.0,Urban,Y
LP1122,Male,Yes,0,Graduate,No,9527.0,0.0,403.0,180.0,1.0,Semiurban,Y
LP1123,Male,Yes,3+,Not Graduate,No,7225.0,0.0,325.0,360.0,1.0,Semiurban,Y
LP1124,Male,No,2,Graduate,No,4593.0,0.0,212.0,360.0,1.0,Urban,Y
LP1125,Male,Yes,2,Not Graduate,No,3491.0,0.0,172.0,360.0,1.0,Urban,N
LP1126,Female,No,0,Graduate,No,5467.0,2277.0,281.0,360.0,0.0,Semiurban,N
LP1127,Female,Yes,0,Graduate,No,3629.0,0.0,177.0,120.0,0.0,Semiurban,N
LP1128,Male,No,0,Graduate,No,5175.0,642.0,265.0,360.0,1.0,Rural,Y
LP1129,Male,No,0,Not Graduate,No,5998.0,0.0,226.0,360.0,1.0,Urban,Y
LP1130,Male,No,0,Graduate,No,4041.0,1652.0,170.0,240.0,1.0,Urban,N
LP1131,Male,No,2,Graduate,No,1618.0,0.0,114.0,360.0,1.0,Rural,N
LP1132,Male,No,0,Graduate,No,6839.0,1094.0,293.0,360.0,1.0,Rural,Y
LP1133,Male,Yes,0,Graduate,Yes,4099.0,1242.0,179.0,360.0,0.0,Urban,N
LP1134,Female,Yes,0,Graduate,Yes,5975.0,3548.0,352.0,60.0,1.0,Rural,Y
LP1135,Male,Yes,0,Graduate,No,5280.0,2957.0,292.0,360.0,1.0,Urban,Y
LP1136,Male,No,0,Graduate,No,11577.0,0.0,405.0,360.0,1.0,Urban,Y
LP1137,Male,No,3+,Graduate,No,5683.0,0.0,254.0,360.0,1.0,Urban,Y
LP1138,Male,Yes,1,Graduate,Yes,8474.0,813.0,389.0,60.0,1.0,Urban,Y
LP1139,Female,Yes,,Graduate,No,4706.0,0.0,157.0,180.0,1.0,Rural,Y
LP1140,Female,Yes,0,Graduate,No,3659.0,1296.0,184.0,360.0,1.0,Semiurban,N
LP1141,Male,No,0,Graduate,No,6974.0,771.0,272.0,180.0,1.0,Rural,Y
LP1142,Male,Yes,0,Not Graduate,No,3962.0,1057.0,164.0,180.0,1.0,Semiurban,Y
LP1143,Male,Yes,2,Graduate,No,7799.0,1349.0,334.0,360.0,1.0,Semiurban,Y
LP1144,Male,Yes,,Graduate,No,3067.0,2848.0,224.0,360.0,1.0,Semiurban,Y
LP1145,Male,Yes,0,Graduate,No,6563.0,3383.0,424.0,360.0,1.0,Rural,Y
LP1146,Male,No,0,Graduate,Yes,5613.0,2222.0,279.0,360.0,1.0,Semiurban,Y
LP1147,Male,No,0,Graduate,Yes,10565.0,0.0,448.0,360.0,1.0,Rural,Y
LP1148,Male,No,1,Graduate,Yes,6864.0,3103.0,392.0,360.0,1.0,Rural,Y
LP1149,Male,Yes,3+,Graduate,No,5319.0,0.0,149.0,360.0,,Urban,N
LP1150,Female,Yes,1,Graduate,No,8069.0,2581.0,359.0,360.0,1.0,Semiurban,Y
LP1151,Male,Yes,0,Graduate,No,1605.0,0.0,126.0,180.0,1.0,Rural,N
LP1152,Male,No,0,Graduate,Yes,7253.0,0.0,275.0,360.0,0.0,Rural,N
LP1153,Male,Yes,0,Graduate,No,7542.0,1208.0,352.0,360.0,1.0,Urban,Y
LP1154,Female,Yes,0,Graduate,No,7930.0,0.0,327.0,180.0,1.0,Semiurban,Y
LP1155,Male,Yes,0,Graduate,No,7675.0,2364.0,314.0,360.0,0.0,Semiurban,N
LP1156,Male,No,1,Not Graduate,Yes,7117.0,1335.0,304.0,240.0,1.0,Urban,Y
LP1157,Male,Yes,1,Graduate,Yes,4806.0,2183.0,280.0,360.0,1.0,Semiurban,Y
LP1158,Male,No,0,Graduate,No,6058.0,0.0,214.0,360.0,1.0,Urban,Y
LP1159,Male,Yes,2,Graduate,No,4209.0,552.0,174.0,360.0,1.0,Urban,Y
LP1160,Male,Yes,0,Not Graduate,No,3790.0,1030.0,146.0,360.0,1.0,Semiurban,Y
LP1161,Male,Yes,0,Graduate,No,4900.0,0.0,171.0,360.0,1.0,Semiurban,Y
LP1162,Male,Yes,0,Graduate,No,5186.0,2235.0,259.0,360.0,1.0,Semiurban,Y
LP1163,Male,Yes,0,Graduate,No,6709.0,106.0,216.0,180.0,0.0,Semiurban,N
LP1164,Male,Yes,,Not Graduate,No,9823.0,2974.0,517.0,360.0,1.0,Urban,Y
LP1165,Female,Yes,0,Not Graduate,No,8403.0,482.0,309.0,360.0,1.0,Urban,Y
LP1166,Male,No,0,Not Graduate,,6469.0,0.0,254.0,360.0,1.0,Urban,Y
LP1167,Male,Yes,3+,Graduate,No,9275.0,2048.0,410.0,360.0,1.0,Urban,Y
LP1168,Male,No,0,Graduate,No,5708.0,189.0,266.0,120.0,0.0,Semiurban,N
LP1169,Male,Yes,0,Graduate,No,7165.0,1605.0,298.0,360.0,1.0,Rural,Y
LP1170,Male,No,0,Graduate,No,4814.0,422.0,182.0,360.0,,Urban,N
LP1171,Male,Yes,1,Not Graduate,No,5642.0,1611.0,234.0,360.0,1.0,Urban,Y
LP1172,Male,Yes,0,Graduate,,5023.0,824.0,153.0,360.0,1.0,Semiurban,Y
LP1173,Male,Yes,2,Graduate,No,2529.0,194.0,122.0,240.0,1.0,Urban,N
LP1174,Male,Yes,0,Graduate,No,2558.0,1975.0,163.0,60.0,1.0,Rural,Y
LP1175,Male,Yes,0,Graduate,No,2921.0,1298.0,162.0,360.0,0.0,Semiurban,N
LP1176,Male,No,1,Graduate,Yes,6489.0,1398.0,326.0,360.0,1.0,Urban,Y
LP1177,Male,No,0,Not Graduate,No,9921.0,236.0,407.0,360.0,1.0,Urban,Y
LP1178,Female,No,0,Graduate,No,9260.0,0.0,357.0,360.0,1.0,Semiurban,Y
LP1179,Male,No,0,Graduate,Yes,2475.0,0.0,107.0,360.0,1.0,Urban,Y
LP1180,Male,Yes,1,Graduate,No,7199.0,2674.0,353.0,360.0,0.0,Urban,N
LP1181,Male,Yes,0,Graduate,No,4438.0,2263.0,279.0,180.0,0.0,Urban,N
LP1182,Female,Yes,0,Graduate,No,3736.0,0.0,139.0,360.0,1.0,Rural,Y
LP1183,Female,Yes,3+,Graduate,No,5972.0,3256.0,333.0,360.0,1.0,Semiurban,Y
LP1184,Male,Yes,0,Graduate,Yes,4384.0,0.0,194.0,180.0,0.0,Urban,N
LP1185,Male,Yes,2,Graduate,No,2793.0,2015.0,242.0,180.0,1.0,Semiurban,Y
LP1186,Female,Yes,2,Graduate,No,3471.0,307.0,117.0,360.0,1.0,Semiurban,Y
LP1187,Male,Yes,0,Graduate,No,4798.0,5504.0,320.0,120.0,1.0,Semiurban,Y
LP1188,Male,No,0,Not Graduate,No,9771.0,0.0,383.0,180.0,0.0,Urban,N
LP1189,Male,No,0,Not Graduate,No,2372.0,1906.0,130.0,360.0,1.0,Semiurban,Y
LP1190,Male,Yes,1,Not Graduate,No,3119.0,4061.0,268.0,240.0,1.0,Rural,N
LP1191,Female,No,1,Graduate,No,4983.0,1024.0,236.0,360.0,1.0,Urban,Y
LP1192,Female,No,2,Not Graduate,No,3928.0,1874.0,180.0,360.0,1.0,Urban,Y
LP1193,Male,Yes,3+,Not Graduate,No,6822.0,1583.0,343.0,360.0,0.0,Urban,N
LP1194,Male,Yes,1,Not Graduate,No,5047.0,983.0,287.0,240.0,1.0,Urban,Y
LP1195,Male,Yes,,Graduate,No,2768.0,819.0,111.0,360.0,,Urban,N
LP1196,Male,No,0,Graduate,No,4428.0,0.0,187.0,360.0,1.0,Rural,Y
LP1197,Female,No,2,Not Graduate,No,6087.0,1216.0,214.0,360.0,1.0,Rural,Y
LP1198,Female,Yes,0,Graduate,No,7555.0,756.0,314.0,360.0,,Urban,Y
LP1199,Male,Yes,0,Graduate,No,3103.0,714.0,155.0,360.0,1.0,Semiurban,Y
LP1200,Male,Yes,1,Not Graduate,No,6266.0,0.0,246.0,360.0,1.0,Semiurban,N
LP1201,Male,Yes,,Graduate,No,4856.0,1504.0,243.0,360.0,,Semiurban,Y
LP1202,Male,Yes,3+,Graduate,Yes,9223.0,2797.0,429.0,240.0,0.0,Semiurban,N
LP1203,Female,No,1,Graduate,No,4454.0,974.0,245.0,360.0,0.0,Urban,N
LP1204,Male,No,0,Not Graduate,Yes,2802.0,508.0,115.0,240.0,1.0,Semiurban,N
LP1205,Male,No,3+,Graduate,Yes,4057.0,0.0,125.0,360.0,1.0,Semiurban,Y
LP1206,Male,No,0,Graduate,No,2004.0,0.0,79.0,,,Rural,N
LP1207,Male,No,0,Graduate,No,2114.0,0.0,112.0,360.0,1.0,Rural,N
LP1208,Male,Yes,0,Not Graduate,No,2366.0,0.0,111.0,360.0,1.0,Urban,N
LP1209,Male,Yes,0,Graduate,No,6849.0,0.0,258.0,180.0,1.0,Urban,Y
LP1210,Male,Yes,0,Not Graduate,No,6503.0,487.0,328.0,360.0,,Rural,N
LP1211,Male,No,0,Not Graduate,No,7019.0,747.0,301.0,360.0,1.0,Semiurban,Y
LP1212,Male,Yes,0,Graduate,No,4237.0,0.0,118.0,360.0,0.0,Rural,N
LP1213,Male,No,0,Graduate,No,3512.0,906.0,185.0,360.0,1.0,Urban,Y
LP1214,Male,Yes,2,Graduate,No,13496.0,2579.0,613.0,360.0,1.0,Semiurban,Y
LP1215,Male,Yes,2,Graduate,No,5931.0,1775.0,288.0,360.0,1.0,Semiurban,Y
LP1216,Male,Yes,0,Graduate,No,3318.0,4002.0,279.0,360.0,1.0,Rural,Y
LP1217,Male,Yes,0,Not Graduate,No,10367.0,0.0,407.0,360.0,0.0,Urban,N
LP1218,Male,No,0,Not Graduate,Yes,9686.0,0.0,379.0,360.0,0.0,Urban,Y
LP1219,Female,No,0,Graduate,No,7347.0,0.0,,360.0,0.0,Semiurban,N
LP1220,Male,Yes,2,Graduate,Yes,5158.0,765.0,213.0,360.0,1.0,Rural,Y
LP1221,Male,Yes,1,Graduate,Yes,3754.0,1108.0,191.0,360.0,1.0,Rural,Y
LP1222,Male,Yes,0,Graduate,No,4536.0,0.0,164.0,180.0,1.0,Rural,N
LP1223,Male,Yes,0,Graduate,No,9088.0,815.0,338.0,360.0,0.0,Rural,N
LP1224,Male,Yes,0,Not Graduate,No,3974.0,518.0,194.0,360.0,1.0,Urban,Y
LP1225,Male,No,1,Not Graduate,No,3044.0,373.0,154.0,360.0,1.0,Urban,N
LP1226,Female,Yes,0,Graduate,No,7292.0,0.0,313.0,360.0,1.0,Urban,Y
LP1227,Male,Yes,3+,Not Graduate,Yes,5468.0,0.0,191.0,360.0,0.0,Urban,N
LP1228,Female,Yes,2,Graduate,No,4047.0,0.0,161.0,360.0,1.0,Rural,N
LP1229,Male,Yes,0,Graduate,No,4219.0,0.0,176.0,360.0,1.0,Rural,N
LP1230,Male,Yes,1,Graduate,No,1871.0,3318.0,192.0,360.0,1.0,Urban,Y
LP1231,Male,Yes,3+,Graduate,No,4357.0,0.0,193.0,360.0,0.0,Semiurban,N
LP1232,Male,Yes,1,Not Graduate,Yes,8712.0,607.0,324.0,360.0,1.0,Rural,Y
LP1233,Male,Yes,0,Graduate,No,3534.0,0.0,193.0,360.0,1.0,Semiurban,Y
LP1234,Male,Yes,0,Graduate,No,14499.0,0.0,544.0,360.0,,Urban,Y
LP1235,Male,Yes,2,Graduate,No,5520.0,2236.0,239.0,360.0,1.0,Semiurban,Y
LP1236,Male,Yes,1,Graduate,No,1400.0,1192.0,,360.0,0.0,Urban,N
LP1237,Male,No,1,Graduate,No,2685.0,3027.0,219.0,360.0,0.0,Semiurban,N
LP1238,,Yes,2,Graduate,No,694.0,298.0,80.0,360.0,1.0,Semiurban,N
LP1239,Male,Yes,2,Graduate,No,6175.0,497.0,243.0,360.0,1.0,Urban,Y
LP1240,Female,Yes,3+,Graduate,Yes,3529.0,728.0,110.0,240.0,,Rural,N
LP1241,Female,Yes,0,Graduate,Yes,7369.0,654.0,341.0,360.0,0.0,Semiurban,N
LP1242,Female,Yes,0,Graduate,No,9357.0,0.0,,360.0,1.0,Semiurban,Y
LP1243,Male,No,1,Graduate,No,8032.0,0.0,340.0,360.0,1.0,Rural,Y
LP1244,Male,No,2,Graduate,Yes,7948.0,2018.0,351.0,360.0,1.0,Urban,Y
LP1245,Female,Yes,1,Not Graduate,Yes,4540.0,0.0,168.0,360.0,,Urban,Y
LP1246,Male,Yes,0,Graduate,Yes,3576.0,0.0,153.0,360.0,1.0,Rural,Y
LP1247,Female,Yes,2,Graduate,Yes,6985.0,0.0,289.0,360.0,1.0,Urban,Y
LP1248,Female,No,1,Graduate,No,3706.0,1855.0,207.0,360.0,1.0,Rural,Y
LP1249,Female,Yes,0,Graduate,No,4613.0,858.0,254.0,360.0,0.0,Urban,N
LP1250,Male,Yes,0,Graduate,No,3774.0,226.0,209.0,360.0,1.0,Urban,Y
LP1251,Male,Yes,0,Graduate,No,3989.0,219.0,220.0,120.0,1.0,Semiurban,Y
LP1252,Female,Yes,0,Graduate,No,7232.0,1480.0,328.0,240.0,1.0,Urban,Y
LP1253,Male,Yes,0,Graduate,No,3878.0,615.0,177.0,60.0,,Semiurban,Y
LP1254,Male,Yes,0,Graduate,No,7291.0,1423.0,376.0,360.0,1.0,Semiurban,Y
LP1255,Male,Yes,0,Graduate,No,9334.0,450.0,367.0,240.0,1.0,Rural,Y
LP1256,Female,No,1,Graduate,No,4293.0,3227.0,256.0,180.0,1.0,Rural,Y
LP1257,Male,Yes,1,Graduate,No,3258.0,1024.0,162.0,240.0,0.0,Urban,N
LP1258,Male,Yes,2,Graduate,No,8496.0,1092.0,,360.0,1.0,Rural,Y
LP1259,Male,No,0,Graduate,No,6350.0,1173.0,281.0,180.0,1.0,Semiurban,Y
LP1260,Male,Yes,0,Graduate,No,3826.0,0.0,125.0,360.0,1.0,Semiurban,Y
LP1261,Female,Yes,,Graduate,No,4726.0,507.0,230.0,360.0,1.0,Rural,Y
LP1262,Male,Yes,0,Graduate,No,6592.0,0.0,252.0,360.0,,Semiurban,N
LP1263,Male,Yes,3+,Graduate,Yes,2514.0,0.0,105.0,240.0,1.0,Semiurban,Y
LP1264,Female,No,2,Not Graduate,No,11067.0,671.0,463.0,360.0,1.0,Semiurban,Y
LP1265,Male,Yes,0,Graduate,No,8186.0,2053.0,409.0,360.0,1.0,Urban,Y
LP1266,Male,Yes,3+,Graduate,Yes,5570.0,0.0,236.0,120.0,1.0,Urban,N
LP1267,Male,Yes,0,Graduate,No,10814.0,0.0,425.0,360.0,1.0,Semiurban,Y
LP1268,Male,Yes,0,Graduate,No,10014.0,2209.0,454.0,240.0,1.0,Urban,Y
LP1269,Male,No,1,Graduate,Yes,5067.0,174.0,205.0,180.0,1.0,Urban,Y
LP1270,Female,Yes,0,Graduate,No,4887.0,0.0,162.0,360.0,0.0,Urban,N
LP1271,Female,Yes,3+,Graduate,Yes,4977.0,0.0,175.0,360.0,1.0,Semiurban,Y
LP1272,Female,No,0,Graduate,No,7085.0,866.0,325.0,360.0,1.0,Urban,Y
LP1273,Female,Yes,0,Graduate,No,6837.0,3089.0,375.0,60.0,1.0,Semiurban,Y
LP1274,Male,No,1,Graduate,No,2109.0,0.0,55.0,240.0,1.0,Urban,N
LP1275,Male,No,1,Graduate,,6627.0,0.0,261.0,360.0,1.0,Semiurban,Y
LP1276,Male,No,0,Graduate,No,6609.0,391.0,229.0,360.0,0.0,Semiurban,Y
LP1277,Male,Yes,0,Graduate,No,1416.0,0.0,,360.0,1.0,Semiurban,Y
LP1278,Male,Yes,2,Graduate,No,5002.0,0.0,190.0,360.0,1.0,Urban,Y
LP1279,Male,No,0,Graduate,No,5724.0,1902.0,349.0,360.0,1.0,Rural,Y
LP1280,Female,Yes,2,Graduate,No,2324.0,383.0,122.0,360.0,1.0,Rural,Y
LP1281,Male,Yes,1,Not Graduate,No,3001.0,0.0,91.0,360.0,0.0,Rural,N
LP1282,Male,No,2,Graduate,No,3704.0,2319.0,189.0,360.0,1.0,Rural,Y
LP1283,Male,No,1,Graduate,No,7127.0,0.0,304.0,360.0,1.0,Semiurban,Y
LP1284,Male,Yes,0,Not Graduate,,9538.0,2649.0,487.0,180.0,1.0,Semiurban,Y
LP1285,Male,Yes,1,Graduate,No,6918.0,0.0,332.0,360.0,1.0,Semiurban,Y
LP1286,Male,Yes,2,Graduate,No,5867.0,1692.0,320.0,360.0,1.0,Semiurban,N
LP1287,Male,No,0,Not Graduate,,7608.0,1153.0,353.0,360.0,0.0,Rural,N
LP1288,Male,No,3+,Graduate,Yes,1379.0,898.0,125.0,360.0,1.0,Semiurban,N
LP1289,Male,Yes,0,Graduate,Yes,9188.0,1043.0,401.0,360.0,1.0,Rural,Y
LP1290,Male,Yes,0,Graduate,No,5227.0,0.0,210.0,240.0,1.0,Urban,Y
LP1291,Male,No,0,Graduate,No,8671.0,1111.0,344.0,360.0,1.0,Rural,Y
LP1292,Female,Yes,3+,Graduate,No,7389.0,0.0,341.0,360.0,0.0,Semiurban,N
LP1293,Male,Yes,,Graduate,No,3824.0,3437.0,260.0,360.0,1.0,Semiurban,Y
LP1294,Male,No,2,Not Graduate,No,6200.0,461.0,259.0,360.0,,Urban,N
LP1295,Male,Yes,2,Not Graduate,No,3986.0,459.0,149.0,360.0,1.0,Rural,Y
LP1296,Male,Yes,0,Not Graduate,No,6805.0,925.0,,360.0,1.0,Rural,Y
LP1297,Male,Yes,0,Not Graduate,No,11668.0,224.0,503.0,360.0,0.0,Urban,N
LP1298,Male,Yes,1,Not Graduate,Yes,6818.0,3873.0,362.0,360.0,1.0,Semiurban,Y
LP1299,Male,No,0,Graduate,No,1465.0,2846.0,159.0,360.0,1.0,Semiurban,Y
LP1300,Male,Yes,2,Graduate,No,3741.0,1143.0,208.0,180.0,1.0,Rural,N
LP1301,Male,No,0,Graduate,No,8190.0,1228.0,327.0,360.0,1.0,Semiurban,Y
LP1302,Male,Yes,0,Not Graduate,No,3642.0,1724.0,217.0,360.0,1.0,Urban,Y
LP1303,Male,Yes,2,Graduate,No,9365.0,0.0,388.0,360.0,0.0,Semiurban,N
LP1304,Male,Yes,0,Graduate,No,3327.0,0.0,152.0,360.0,1.0,Semiurban,Y
LP1305,Female,Yes,0,Graduate,No,8808.0,725.0,434.0,360.0,1.0,Urban,N
LP1306,Male,Yes,0,Graduate,No,4351.0,0.0,263.0,360.0,1.0,Semiurban,Y
LP1307,Male,Yes,0,Graduate,No,7136.0,1424.0,365.0,360.0,1.0,Rural,Y
LP1308,Male,Yes,0,Graduate,No,8228.0,1201.0,,360.0,1.0,Rural,Y
LP1309,Male,Yes,2,Graduate,No,6165.0,2663.0,346.0,360.0,0.0,Urban,N
LP1310,Male,No,0,Graduate,No,4584.0,0.0,196.0,360.0,1.0,Rural,N
LP1311,Male,No,0,Graduate,No,6272.0,0.0,321.0,360.0,1.0,Semiurban,Y
LP1312,Male,No,1,Graduate,No,5227.0,0.0,213.0,180.0,0.0,Urban,N
LP1313,Female,Yes,0,Graduate,No,5650.0,0.0,214.0,360.0,1.0,Urban,Y
LP1314,Female,Yes,0,Graduate,No,2516.0,1500.0,162.0,360.0,1.0,Urban,Y
LP1315,Male,No,3+,Graduate,No,7514.0,0.0,363.0,360.0,1.0,Rural,Y
LP1316,Male,Yes,1,Not Graduate,No,6083.0,0.0,214.0,360.0,1.0,Urban,Y
LP1317,Male,Yes,1,Graduate,No,2194.0,0.0,68.0,120.0,1.0,Urban,N
LP1318,Male,No,1,Graduate,Yes,4721.0,1099.0,200.0,240.0,1.0,Semiurban,Y
LP1319,Male,No,0,Graduate,No,1765.0,183.0,40.0,360.0,,Semiurban,Y
LP1320,Male,Yes,1,Graduate,No,5707.0,0.0,200.0,360.0,1.0,Rural,Y
LP1321,Male,Yes,0,Not Graduate,No,7040.0,1070.0,342.0,120.0,1.0,Semiurban,Y
LP1322,Male,No,0,Graduate,No,4054.0,82.0,171.0,360.0,1.0,Urban,Y
LP1323,Male,Yes,0,Graduate,No,3914.0,0.0,118.0,360.0,0.0,Rural,N
LP1324,Female,No,0,Graduate,No,4607.0,1162.0,240.0,360.0,1.0,Urban,Y
LP1325,Male,No,0,Not Graduate,No,3903.0,3456.0,270.0,360.0,1.0,Semiurban,N
LP1326,Male,No,3+,Graduate,No,3570.0,0.0,171.0,360.0,1.0,Semiurban,Y
LP1327,Male,Yes,0,Graduate,Yes,2028.0,347.0,73.0,180.0,1.0,Urban,Y
LP1328,Male,Yes,0,Graduate,No,3842.0,0.0,117.0,360.0,1.0,Rural,N
LP1329,Male,No,0,Not Graduate,No,2557.0,1366.0,164.0,360.0,1.0,Semiurban,N
LP1330,Male,Yes,0,Graduate,No,9172.0,1128.0,425.0,120.0,0.0,Urban,N
LP1331,Male,No,1,Graduate,No,9905.0,988.0,393.0,180.0,1.0,Rural,Y
LP1332,Male,Yes,0,Graduate,No,6856.0,2539.0,358.0,360.0,1.0,Semiurban,Y
LP1333,Male,Yes,0,Graduate,,8967.0,0.0,340.0,360.0,1.0,Semiurban,Y
LP1334,Male,No,0,Graduate,No,3690.0,0.0,177.0,360.0,1.0,Semiurban,Y
LP1335,Male,No,1,Graduate,Yes,7011.0,2955.0,389.0,360.0,1.0,Rural,Y
LP1336,Female,No,0,Graduate,No,6929.0,0.0,314.0,360.0,,Urban,Y
LP1337,Male,No,0,Not Graduate,No,6316.0,0.0,227.0,360.0,1.0,Urban,Y
LP1338,Male,Yes,0,Graduate,No,4543.0,742.0,183.0,120.0,1.0,Semiurban,Y
LP1339,Male,No,0,Graduate,No,5521.0,0.0,210.0,180.0,1.0,Urban,N
LP1340,Male,No,0,Graduate,No,6203.0,0.0,232.0,360.0,1.0,Semiurban,Y
LP1341,Male,Yes,1,Graduate,No,6137.0,0.0,257.0,240.0,0.0,Semiurban,N
LP1342,Male,Yes,1,Not Graduate,No,3465.0,0.0,106.0,360.0,0.0,Urban,N
LP1343,Male,Yes,2,Graduate,No,9631.0,1373.0,472.0,360.0,1.0,Urban,Y
LP1344,Male,Yes,0,Graduate,No,5722.0,0.0,281.0,240.0,1.0,Semiurban,Y
LP1345,Male,No,0,Not Graduate,No,7732.0,1960.0,401.0,360.0,1.0,Rural,Y
LP1346,Male,Yes,0,Graduate,No,4248.0,0.0,185.0,180.0,1.0,Semiurban,Y
LP1347,Male,Yes,,Not Graduate,No,6810.0,991.0,298.0,360.0,1.0,Semiurban,N
LP1348,Male,Yes,1,Graduate,Yes,5901.0,666.0,262.0,360.0,1.0,Urban,Y
LP1349,Male,Yes,1,Not Graduate,No,3643.0,0.0,123.0,360.0,1.0,Semiurban,N
LP1350,Male,Yes,0,Graduate,No,5559.0,1191.0,263.0,360.0,1.0,Urban,Y
LP1351,Female,Yes,0,Graduate,No,4802.0,876.0,228.0,360.0,1.0,Semiurban,Y
LP1352,Male,No,0,Not Graduate,No,5033.0,0.0,177.0,120.0,0.0,Semiurban,N
LP1353,Male,Yes,,Graduate,No,8347.0,1973.0,442.0,360.0,1.0,Rural,Y
LP1354,Male,Yes,3+,Graduate,No,5270.0,0.0,208.0,,1.0,Semiurban,Y
LP1355,Male,Yes,3+,Not Graduate,No,8121.0,0.0,294.0,360.0,,Rural,Y
LP1356,Male,No,0,Not Graduate,No,7103.0,1496.0,323.0,240.0,1.0,Semiurban,Y
LP1357,Male,Yes,0,Graduate,No,5835.0,0.0,215.0,360.0,1.0,Rural,Y
LP1358,Female,No,3+,Not Graduate,No,8560.0,514.0,333.0,360.0,1.0,Semiurban,Y
LP1359,Male,No,1,Graduate,,8258.0,1714.0,429.0,180.0,1.0,Urban,Y
LP1360,Male,No,0,Graduate,No,5841.0,733.0,256.0,120.0,0.0,Rural,N
LP1361,Male,Yes,0,Not Graduate,No,6041.0,1086.0,305.0,360.0,1.0,Urban,N
LP1362,Male,No,0,Graduate,No,8601.0,2380.0,428.0,360.0,1.0,Urban,Y
LP1363,Male,Yes,0,Graduate,Yes,7303.0,1078.0,339.0,360.0,1.0,Urban,Y
LP1364,Female,No,0,Graduate,No,9586.0,0.0,383.0,180.0,0.0,Rural,N
LP1365,Male,Yes,1,Graduate,No,5220.0,753.0,218.0,240.0,1.0,Urban,Y
LP1366,Female,Yes,0,Graduate,No,3178.0,496.0,181.0,60.0,1.0,Rural,N
LP1367,Female,Yes,0,Not Graduate,No,3994.0,1566.0,226.0,360.0,1.0,Semiurban,Y
LP1368,Male,Yes,0,Not Graduate,No,2115.0,1618.0,128.0,180.0,1.0,Urban,N
LP1369,Male,No,2,Graduate,No,3872.0,1024.0,215.0,360.0,1.0,Semiurban,Y
LP1370,Male,Yes,1,Not Graduate,Yes,7267.0,2079.0,,360.0,0.0,Urban,N
LP1371,Male,Yes,0,Graduate,No,5259.0,165.0,226.0,360.0,1.0,Semiurban,Y
LP1372,Male,Yes,3+,Graduate,No,3629.0,571.0,209.0,60.0,1.0,Semiurban,Y
LP1373,Male,No,3+,Not Graduate,No,4295.0,0.0,157.0,360.0,,Semiurban,Y
LP1374,Male,No,0,Graduate,No,6319.0,1113.0,259.0,360.0,1.0,Urban,Y
LP1375,Male,No,0,Graduate,No,4398.0,0.0,166.0,120.0,1.0,Semiurban,Y
LP1376,Female,No,1,Graduate,Yes,4990.0,1478.0,245.0,360.0,0.0,Rural,N
LP1377,Male,Yes,2,Graduate,No,2597.0,0.0,151.0,360.0,1.0,Semiurban,Y
LP1378,,Yes,3+,Not Graduate,No,9080.0,0.0,352.0,360.0,,Rural,Y
LP1379,Male,No,2,Graduate,No,9655.0,0.0,398.0,360.0,1.0,Urban,Y
LP1380,Male,Yes,1,Graduate,No,3722.0,0.0,182.0,360.0,1.0,Rural,Y
LP1381,Male,Yes,0,Graduate,No,4721.0,3019.0,293.0,120.0,1.0,Urban,Y
LP1382,Male,Yes,0,Graduate,No,1984.0,0.0,65.0,360.0,0.0,Urban,N
LP1383,Female,Yes,0,Graduate,No,8747.0,2672.0,392.0,240.0,1.0,Rural,Y
LP1384,,Yes,0,Graduate,No,2964.0,275.0,163.0,180.0,1.0,Rural,N
LP1385,Female,No,1,Not Graduate,No,5445.0,0.0,186.0,360.0,1.0,Semiurban,Y
LP1386,Male,Yes,1,Not Graduate,No,3367.0,2046.0,185.0,180.0,1.0,Urban,Y
LP1387,Male,Yes,1,Graduate,No,5502.0,424.0,234.0,360.0,0.0,Urban,N
LP1388,Male,Yes,0,Graduate,No,8009.0,1025.0,389.0,360.0,0.0,Semiurban,N
LP1389,Female,No,1,Graduate,No,7082.0,2988.0,403.0,120.0,1.0,Rural,Y
LP1390,Female,Yes,,Not Graduate,No,7316.0,0.0,297.0,360.0,1.0,Urban,Y
LP1391,Male,No,0,Not Graduate,No,2803.0,2417.0,221.0,360.0,0.0,Rural,N
LP1392,Male,No,2,Graduate,No,5381.0,0.0,258.0,360.0,1.0,Urban,Y
LP1393,Male,Yes,1,Graduate,No,12292.0,466.0,491.0,360.0,0.0,Rural,N
LP1394,Male,No,3+,Graduate,No,6152.0,1326.0,,240.0,1.0,Rural,N
LP1395,Female,No,0,Graduate,No,5595.0,0.0,246.0,120.0,1.0,Semiurban,Y
LP1396,Female,No,0,Graduate,No,4905.0,411.0,259.0,360.0,1.0,Urban,Y
LP1397,Male,No,0,Graduate,No,5897.0,0.0,215.0,360.0,1.0,Rural,Y
LP1398,Male,Yes,0,Graduate,No,5494.0,0.0,164.0,360.0,0.0,Semiurban,N
LP1399,Male,Yes,2,Graduate,,11327.0,846.0,498.0,360.0,1.0,Semiurban,Y
LP1400,Male,Yes,1,Graduate,No,7791.0,4434.0,486.0,360.0,1.0,Semiurban,Y
LP1401,Female,Yes,2,Graduate,No,5200.0,1620.0,260.0,360.0,,Urban,N
LP1402,Male,No,0,Graduate,No,7619.0,0.0,384.0,360.0,1.0,Rural,N
LP1403,Female,Yes,2,Graduate,No,3863.0,1579.0,177.0,360.0,,Urban,Y
LP1404,Male,No,0,Graduate,No,5455.0,0.0,196.0,120.0,1.0,Rural,Y
LP1405,Female,No,2,Graduate,Yes,4397.0,0.0,153.0,360.0,1.0,Urban,Y
LP1406,Male,No,0,Graduate,Yes,7394.0,688.0,319.0,360.0,1.0,Semiurban,Y
LP1407,Male,No,0,Graduate,No,5277.0,1862.0,270.0,360.0,,Urban,Y
LP1408,Female,Yes,0,Graduate,No,5859.0,1291.0,250.0,240.0,1.0,Urban,Y
LP1409,Male,Yes,3+,Graduate,No,5096.0,218.0,244.0,120.0,1.0,Urban,N
LP1410,Male,Yes,0,Graduate,No,6447.0,0.0,266.0,120.0,1.0,Semiurban,Y
LP1411,Female,Yes,0,Graduate,No,7445.0,0.0,267.0,360.0,1.0,Semiurban,Y
LP1412,Female,Yes,2,Graduate,No,9669.0,499.0,420.0,360.0,,Rural,N
LP1413,Male,Yes,0,Graduate,No,4879.0,571.0,200.0,360.0,1.0,Urban,Y
LP1414,Male,No,,Graduate,,3462.0,0.0,142.0,360.0,1.0,Semiurban,Y
LP1415,Male,Yes,0,Graduate,Yes,6602.0,0.0,291.0,60.0,1.0,Semiurban,Y
LP1416,Male,Yes,0,Graduate,Yes,3040.0,0.0,152.0,360.0,1.0,Urban,N
LP1417,Male,No,3+,Graduate,No,4813.0,0.0,220.0,360.0,0.0,Semiurban,N
LP1418,Male,Yes,2,Graduate,No,2648.0,3727.0,219.0,360.0,1.0,Semiurban,Y
LP1419,Male,Yes,0,Graduate,No,16575.0,1423.0,676.0,360.0,1.0,Urban,Y
LP1420,Male,No,3+,Not Graduate,No,9117.0,1238.0,392.0,120.0,1.0,Urban,Y
LP1421,Male,Yes,0,Graduate,No,8739.0,250.0,358.0,360.0,1.0,Semiurban,Y
LP1422,Male,No,0,Graduate,No,9883.0,457.0,455.0,360.0,0.0,Urban,N
LP1423,Male,Yes,0,Graduate,No,8317.0,0.0,317.0,360.0,1.0,Semiurban,Y
LP1424,Male,No,0,Not Graduate,No,6169.0,791.0,277.0,360.0,1.0,Rural,Y
LP1425,Male,Yes,0,Graduate,No,6247.0,917.0,240.0,180.0,,Semiurban,Y
LP1426,Male,Yes,3+,Graduate,No,9458.0,0.0,389.0,,1.0,Semiurban,Y
LP1427,Female,Yes,2,Not Graduate,No,9737.0,1434.0,431.0,360.0,1.0,Urban,Y
LP1428,Male,No,0,Graduate,No,3607.0,653.0,160.0,120.0,0.0,Rural,N
LP1429,Male,Yes,1,Not Graduate,No,5211.0,0.0,234.0,360.0,1.0,Urban,N
LP1430,Male,Yes,1,Not Graduate,,5768.0,0.0,210.0,360.0,1.0,Semiurban,Y
LP1431,Male,No,3+,Graduate,Yes,8431.0,2133.0,443.0,120.0,1.0,Rural,Y
LP1432,Male,No,2,Graduate,No,3878.0,854.0,158.0,360.0,0.0,Semiurban,N
LP1433,Male,Yes,0,Graduate,No,3680.0,1551.0,235.0,360.0,1.0,Semiurban,N
LP1434,Male,No,2,Graduate,No,2922.0,0.0,69.0,360.0,0.0,Semiurban,N
LP1435,Male,Yes,,Graduate,No,4434.0,471.0,201.0,360.0,,Urban,Y
LP1436,Male,Yes,1,Graduate,No,4787.0,0.0,,120.0,0.0,Rural,N
LP1437,Female,Yes,0,Graduate,No,10675.0,0.0,416.0,360.0,0.0,Urban,N
LP1438,Male,No,0,Graduate,No,8006.0,0.0,329.0,360.0,1.0,Semiurban,Y
LP1439,Male,No,0,Graduate,No,8429.0,1048.0,358.0,,1.0,Urban,Y
LP1440,Male,Yes,0,Graduate,No,3406.0,0.0,150.0,360.0,1.0,Rural,Y
LP1441,Female,Yes,0,Graduate,No,5072.0,0.0,210.0,360.0,1.0,Urban,Y
LP1442,,Yes,1,Graduate,No,7567.0,0.0,369.0,240.0,1.0,Semiurban,Y
LP1443,Male,No,0,Graduate,No,5956.0,0.0,197.0,240.0,1.0,Semiurban,N
LP1444,Female,No,1,Graduate,Yes,6999.0,0.0,286.0,360.0,1.0,Semiurban,Y
LP1445,Female,Yes,0,Graduate,Yes,2947.0,1333.0,145.0,360.0,1.0,Urban,Y
LP1446,Female,No,3+,Not Graduate,No,5848.0,1892.0,294.0,360.0,1.0,Semiurban,Y
LP1447,Male,No,0,Graduate,No,7747.0,452.0,319.0,360.0,0.0,Urban,N
LP1448,Male,Yes,0,Graduate,No,3462.0,5501.0,293.0,360.0,1.0,Semiurban,Y
LP1449,Male,Yes,1,Graduate,No,2300.0,0.0,76.0,360.0,1.0,Urban,Y
LP1450,Male,Yes,2,Graduate,No,3394.0,1172.0,192.0,,,Semiurban,Y
LP1451,Male,No,3+,Graduate,No,9403.0,0.0,365.0,360.0,1.0,Urban,Y
LP1452,Male,No,0,Graduate,Yes,3149.0,1611.0,,180.0,1.0,Rural,Y
LP1453,Female,Yes,0,Graduate,No,5641.0,1573.0,278.0,180.0,0.0,Semiurban,N
LP1454,Male,No,3+,Not Graduate,No,2256.0,1355.0,109.0,60.0,1.0,Urban,Y
LP1455,Male,Yes,0,Graduate,No,3679.0,0.0,165.0,360.0,1.0,Semiurban,Y
LP1456,,Yes,1,Graduate,No,6118.0,0.0,216.0,360.0,1.0,Rural,Y
LP1457,Male,No,0,Not Graduate,,5583.0,0.0,238.0,360.0,1.0,Urban,Y
LP1458,Male,No,0,Graduate,No,8752.0,360.0,373.0,360.0,1.0,Semiurban,Y
LP1459,Male,Yes,0,Graduate,No,6685.0,150.0,268.0,360.0,1.0,Semiurban,Y
LP1460,Male,Yes,0,Graduate,No,3462.0,1962.0,164.0,360.0,1.0,Urban,Y
LP1461,Male,Yes,1,Graduate,No,5037.0,0.0,202.0,360.0,1.0,Rural,Y
LP1462,Male,Yes,3+,Graduate,No,4581.0,1267.0,190.0,360.0,1.0,Urban,Y
LP1463,Male,Yes,0,Graduate,No,1759.0,760.0,90.0,360.0,1.0,Urban,Y
LP1464,Female,Yes,2,Not Graduate,No,10800.0,0.0,456.0,360.0,1.0,Rural,Y
LP1465,Male,No,0,Not Graduate,,5699.0,0.0,227.0,360.0,1.0,Semiurban,N
LP1466,Male,Yes,,Not Graduate,No,6156.0,1554.0,330.0,,1.0,Rural,Y
LP1467,Female,No,0,Not Graduate,Yes,7461.0,120.0,,360.0,1.0,Semiurban,Y
LP1468,Male,No,3+,Graduate,No,7505.0,0.0,323.0,,1.0,Semiurban,Y
LP1469,Female,Yes,,Graduate,No,7858.0,0.0,,360.0,0.0,Rural,N
LP1470,Male,Yes,1,Graduate,No,4698.0,1417.0,273.0,360.0,1.0,Urban,Y
LP1471,Female,No,2,Graduate,No,4445.0,0.0,139.0,240.0,0.0,Rural,N
LP1472,Male,Yes,1,Not Graduate,,8901.0,0.0,340.0,360.0,1.0,Semiurban,Y
LP1473,Female,No,3+,Graduate,No,10920.0,1028.0,468.0,360.0,0.0,Urban,N
LP1474,Male,No,1,Not Graduate,No,2252.0,2246.0,181.0,360.0,0.0,Semiurban,N
LP1475,Female,,3+,Not Graduate,No,8758.0,1364.0,,360.0,1.0,Urban,Y
LP1476,Male,No,0,Not Graduate,No,5038.0,146.0,206.0,120.0,0.0,Semiurban,N
LP1477,,Yes,0,Not Graduate,No,5422.0,468.0,262.0,180.0,0.0,Semiurban,N
LP1478,Female,Yes,0,Graduate,No,1382.0,533.0,61.0,360.0,0.0,Rural,N
LP1479,Male,Yes,0,Graduate,Yes,5638.0,656.0,234.0,180.0,,Urban,N
LP1480,Male,Yes,1,Graduate,No,4281.0,0.0,187.0,360.0,1.0,Semiurban,Y
LP1481,Male,Yes,0,Graduate,No,1663.0,0.0,138.0,360.0,0.0,Urban,N
LP1482,Male,Yes,1,Graduate,No,9288.0,0.0,371.0,360.0,,Semiurban,Y
LP1483,Male,No,0,Not Graduate,Yes,6125.0,729.0,247.0,120.0,1.0,Semiurban,Y
LP1484,Male,Yes,0,Not Graduate,No,6541.0,2352.0,315.0,360.0,1.0,Semiurban,Y
LP1485,Female,Yes,0,Graduate,No,9254.0,0.0,359.0,180.0,1.0,Rural,Y
LP1486,Male,Yes,3+,Graduate,No,7566.0,0.0,342.0,360.0,1.0,Rural,Y
LP1487,Male,Yes,0,Graduate,Yes,2883.0,0.0,104.0,360.0,1.0,Urban,N
LP1488,Female,Yes,0,Graduate,No,8331.0,0.0,342.0,240.0,0.0,Urban,N
LP1489,Female,Yes,,Graduate,No,2516.0,1041.0,129.0,360.0,1.0,Semiurban,Y
LP1490,Male,Yes,1,Graduate,No,7308.0,490.0,268.0,360.0,1.0,Semiurban,Y
LP1491,Male,Yes,0,Graduate,No,11946.0,0.0,468.0,360.0,1.0,Urban,Y
LP1492,Male,No,0,Graduate,No,7336.0,0.0,219.0,180.0,1.0,Semiurban,Y
LP1493,Male,No,0,Graduate,Yes,4789.0,0.0,197.0,360.0,1.0,Semiurban,Y
LP1494,Male,No,3+,Graduate,Yes,11760.0,1032.0,516.0,360.0,1.0,Semiurban,Y
LP1495,Male,Yes,0,Graduate,No,6113.0,249.0,227.0,360.0,1.0,Rural,Y
LP1496,Male,No,0,Graduate,No,3513.0,2564.0,201.0,120.0,,Semiurban,Y
LP1497,Male,No,0,Graduate,No,4125.0,1645.0,174.0,360.0,1.0,Urban,Y
LP1498,Female,Yes,0,Not Graduate,No,4061.0,3192.0,192.0,360.0,1.0,Urban,Y
LP1499,Female,No,2,Graduate,No,12993.0,1185.0,510.0,180.0,1.0,Rural,Y
LP1500,Male,Yes,0,Graduate,No,7281.0,525.0,327.0,360.0,1.0,Rural,Y
LP1501,Male,No,0,Graduate,Yes,7397.0,0.0,286.0,360.0,,Semiurban,Y
LP1502,Male,No,0,Graduate,No,6854.0,2372.0,352.0,360.0,1.0,Urban,Y
LP1503,Female,Yes,0,Not Graduate,No,6320.0,478.0,328.0,360.0,1.0,Rural,N
LP1504,Male,No,0,Graduate,No,4472.0,5482.0,373.0,360.0,1.0,Semiurban,Y
LP1505,Male,Yes,2,Graduate,No,3123.0,0.0,141.0,180.0,0.0,Rural,N
LP1506,Female,No,2,Graduate,,6582.0,0.0,249.0,360.0,1.0,Rural,Y
LP1507,Female,Yes,3+,Graduate,No,11600.0,0.0,511.0,360.0,1.0,Urban,Y
LP1508,Female,No,2,Graduate,No,6431.0,0.0,294.0,360.0,1.0,Semiurban,Y
LP1509,Male,Yes,1,Graduate,No,9676.0,723.0,436.0,360.0,1.0,Urban,Y
LP1510,Male,Yes,0,Graduate,No,2216.0,4837.0,234.0,360.0,1.0,Urban,Y
LP1511,Male,Yes,2,Graduate,No,6446.0,853.0,256.0,180.0,1.0,Rural,Y
LP1512,Female,No,2,Graduate,No,4339.0,1732.0,271.0,360.0,1.0,Rural,Y
LP1513,Female,No,2,Graduate,No,3424.0,1827.0,218.0,360.0,1.0,Semiurban,Y
LP1514,Male,No,0,Graduate,,10488.0,2466.0,487.0,360.0,1.0,Semiurban,Y
LP1515,Male,No,0,Graduate,No,4606.0,0.0,176.0,360.0,1.0,Urban,Y
LP1516,Male,Yes,2,Graduate,No,7274.0,1195.0,290.0,360.0,1.0,Urban,Y
LP1517,Female,Yes,1,Graduate,No,5339.0,0.0,236.0,360.0,1.0,Urban,N
LP1518,Female,Yes,3+,Graduate,No,2878.0,1793.0,174.0,180.0,0.0,Semiurban,N
LP1519,Male,Yes,0,Graduate,No,7729.0,1528.0,367.0,360.0,1.0,Semiurban,Y
LP1520,Male,Yes,0,Graduate,Yes,4761.0,839.0,244.0,360.0,1.0,Urban,Y
LP1521,Male,Yes,0,Graduate,No,8249.0,0.0,352.0,360.0,1.0,Rural,Y
LP1522,Female,Yes,2,Not Graduate,No,3693.0,0.0,121.0,360.0,1.0,Urban,N
LP1523,Female,Yes,0,Graduate,No,4377.0,0.0,176.0,180.0,1.0,Rural,Y
LP1524,Female,Yes,0,Graduate,Yes,7152.0,2049.0,360.0,360.0,1.0,Semiurban,Y
LP1525,Male,Yes,3+,Graduate,No,3837.0,1368.0,209.0,360.0,0.0,Urban,N
LP1526,Male,No,0,Not Graduate,Yes,7672.0,0.0,259.0,360.0,1.0,Rural,Y
LP1527,Male,No,2,Graduate,Yes,1988.0,1349.0,90.0,360.0,0.0,Semiurban,N
LP1528,Male,No,0,Not Graduate,No,3145.0,0.0,146.0,360.0,1.0,Semiurban,Y
LP1529,Female,Yes,2,Not Graduate,No,5811.0,935.0,280.0,360.0,1.0,Semiurban,Y
LP1530,Female,Yes,1,Graduate,No,7404.0,0.0,344.0,360.0,0.0,Urban,N
LP1531,Female,No,3+,Not Graduate,No,5933.0,0.0,191.0,360.0,1.0,Semiurban,Y
LP1532,Female,Yes,3+,Graduate,Yes,7019.0,3663.0,418.0,120.0,1.0,Rural,Y
LP1533,Male,Yes,0,Not Graduate,No,4627.0,2296.0,265.0,360.0,1.0,Urban,Y
LP1534,Male,Yes,0,Graduate,No,1902.0,0.0,45.0,360.0,0.0,Urban,N
LP1535,Female,Yes,0,Graduate,No,4902.0,833.0,168.0,360.0,1.0,Rural,Y
LP1536,Female,Yes,1,Graduate,No,4955.0,1191.0,262.0,240.0,1.0,Urban,Y
LP1537,Male,Yes,2,Graduate,No,9313.0,519.0,359.0,360.0,1.0,Semiurban,Y
LP1538,Male,No,0,Graduate,No,7603.0,388.0,276.0,360.0,1.0,Semiurban,Y
LP1539,Male,Yes,1,Graduate,Yes,3279.0,3300.0,244.0,360.0,1.0,Semiurban,Y
LP1540,Female,Yes,0,Graduate,Yes,1635.0,3079.0,157.0,360.0,0.0,Semiurban,N
LP1541,Male,No,2,Graduate,No,5324.0,1919.0,288.0,360.0,1.0,Urban,N
LP1542,Male,Yes,3+,Graduate,No,4325.0,843.0,211.0,360.0,1.0,Urban,N
LP1543,Male,Yes,0,Graduate,No,11205.0,2089.0,611.0,360.0,1.0,Semiurban,Y
LP1544,Male,No,0,Graduate,,9442.0,2906.0,487.0,360.0,1.0,Semiurban,Y
LP1545,Male,Yes,0,Graduate,,2877.0,3939.0,253.0,180.0,1.0,Semiurban,Y
LP1546,Male,Yes,1,Graduate,No,7500.0,0.0,274.0,360.0,1.0,Semiurban,Y
LP1547,Male,Yes,0,Graduate,No,6977.0,950.0,354.0,360.0,,Urban,Y
LP1548,Male,Yes,0,Graduate,No,6858.0,875.0,285.0,360.0,1.0,Urban,Y
LP1549,Male,Yes,0,Not Graduate,,15925.0,0.0,610.0,60.0,0.0,Rural,Y
LP1550,Male,No,0,Graduate,No,5405.0,0.0,210.0,360.0,1.0,Semiurban,Y
LP1551,Female,Yes,0,Not Graduate,Yes,7910.0,159.0,334.0,360.0,1.0,Urban,Y
LP1552,Male,Yes,1,Graduate,,8405.0,827.0,347.0,360.0,0.0,Urban,N
LP1553,Male,Yes,0,Graduate,No,6599.0,0.0,238.0,360.0,1.0,Urban,Y
LP1554,Female,Yes,2,Graduate,No,11137.0,0.0,419.0,360.0,1.0,Urban,Y
LP1555,Male,Yes,1,Not Graduate,No,6169.0,1471.0,297.0,180.0,1.0,Rural,Y
LP1556,Male,Yes,0,Graduate,No,8208.0,0.0,345.0,360.0,1.0,Rural,Y
LP1557,Male,Yes,,Graduate,No,4054.0,4492.0,316.0,360.0,1.0,Rural,Y
LP1558,Male,Yes,2,Graduate,No,3133.0,1135.0,113.0,360.0,1.0,Rural,N
LP1559,,Yes,3+,Graduate,No,7128.0,1807.0,314.0,240.0,1.0,Rural,Y
LP1560,Male,Yes,0,Not Graduate,No,5529.0,0.0,249.0,60.0,1.0,Semiurban,Y
LP1561,Male,No,0,Graduate,No,5675.0,0.0,214.0,360.0,1.0,Urban,Y
LP1562,Male,Yes,0,Graduate,No,4846.0,603.0,218.0,360.0,1.0,Rural,Y
LP1563,Male,Yes,1,Graduate,No,8127.0,2068.0,466.0,360.0,1.0,Urban,Y
LP1564,Male,Yes,0,Graduate,No,6118.0,0.0,177.0,360.0,0.0,Urban,N
LP1565,Male,No,0,Graduate,No,13724.0,0.0,,360.0,,Urban,Y
LP1566,Male,Yes,1,Graduate,No,6027.0,590.0,280.0,120.0,1.0,Semiurban,Y
LP1567,Male,No,1,Not Graduate,Yes,6742.0,2556.0,317.0,360.0,1.0,Urban,Y
LP1568,Female,No,0,Graduate,No,8579.0,1261.0,377.0,360.0,1.0,Urban,Y
LP1569,Male,No,0,Not Graduate,Yes,7107.0,0.0,248.0,180.0,1.0,Semiurban,Y
LP1570,Male,Yes,1,Graduate,No,3201.0,0.0,145.0,360.0,1.0,Rural,Y
LP1571,Male,Yes,0,Graduate,No,5160.0,0.0,186.0,360.0,1.0,Semiurban,Y
LP1572,Male,No,0,Graduate,Yes,3922.0,0.0,144.0,360.0,0.0,Rural,N
LP1573,Male,,2,Graduate,Yes,6942.0,3686.0,415.0,360.0,1.0,Urban,Y
LP1574,Female,No,0,Graduate,No,6378.0,1419.0,314.0,120.0,,Urban,Y
LP1575,Female,Yes,1,Graduate,No,8341.0,0.0,363.0,120.0,1.0,Semiurban,Y
LP1576,Male,Yes,3+,Graduate,Yes,8849.0,699.0,428.0,360.0,1.0,Semiurban,Y
LP1577,Female,Yes,0,Graduate,No,3919.0,4927.0,307.0,180.0,0.0,Semiurban,N
LP1578,Male,No,0,Graduate,No,8770.0,2000.0,474.0,360.0,0.0,Rural,N
LP1579,Male,Yes,1,Graduate,Yes,9377.0,593.0,399.0,360.0,1.0,Semiurban,Y
LP1580,Male,Yes,2,Graduate,No,3529.0,794.0,205.0,360.0,0.0,Rural,N
LP1581,Female,No,3+,Graduate,No,6747.0,2757.0,352.0,360.0,1.0,Semiurban,Y
LP1582,Male,Yes,1,Graduate,No,10152.0,0.0,431.0,360.0,1.0,Urban,Y
LP1583,Male,No,0,Graduate,No,5122.0,0.0,192.0,360.0,1.0,Semiurban,Y
LP1584,Male,Yes,1,Not Graduate,No,5691.0,3078.0,360.0,360.0,,Urban,N
LP1585,Male,Yes,0,Not Graduate,No,6728.0,2528.0,379.0,360.0,0.0,Urban,N
LP1586,Male,Yes,0,Graduate,,916.0,0.0,30.0,60.0,0.0,Urban,N
LP1587,Male,No,0,Graduate,No,6067.0,2187.0,313.0,120.0,0.0,Semiurban,N
LP1588,,Yes,0,Graduate,No,6247.0,0.0,222.0,180.0,1.0,Urban,Y
LP1589,Male,Yes,2,Not Graduate,No,7536.0,3153.0,424.0,360.0,,Urban,Y
LP1590,Male,No,0,Graduate,No,7670.0,2274.0,400.0,360.0,1.0,Semiurban,Y
LP1591,Male,Yes,0,Graduate,No,5600.0,304.0,196.0,360.0,1.0,Semiurban,N
LP1592,Male,Yes,0,Graduate,No,11647.0,1125.0,565.0,360.0,1.0,Semiurban,Y
LP1593,Male,Yes,2,Graduate,No,3913.0,586.0,186.0,360.0,1.0,Semiurban,Y
LP1594,Female,Yes,1,Graduate,Yes,8228.0,0.0,322.0,,1.0,Urban,Y
LP1595,Male,Yes,0,Graduate,Yes,1678.0,1075.0,135.0,360.0,1.0,Urban,Y
LP1596,Male,Yes,0,Graduate,No,5870.0,0.0,219.0,180.0,1.0,Urban,Y
LP1597,Male,Yes,,Graduate,No,1504.0,429.0,112.0,,1.0,Rural,Y
LP1598,Male,Yes,3+,Graduate,No,6052.0,139.0,211.0,360.0,1.0,Semiurban,Y
LP1599,Male,No,1,Graduate,No,7065.0,3117.0,369.0,360.0,1.0,Urban,Y
LP1600,Male,Yes,0,Graduate,No,4908.0,3113.0,287.0,360.0,,Urban,N
LP1601,Male,Yes,1,Graduate,No,5790.0,412.0,228.0,360.0,1.0,Rural,Y
LP1602,Male,Yes,0,Graduate,No,7923.0,0.0,295.0,360.0,,Semiurban,Y
LP1603,Male,Yes,2,Graduate,No,799.0,225.0,24.0,180.0,1.0,Rural,N
LP1604,Male,Yes,0,Graduate,No,4519.0,0.0,165.0,360.0,1.0,Urban,Y
LP1605,Male,Yes,0,Graduate,No,10290.0,0.0,398.0,360.0,1.0,Urban,Y
LP1606,Male,No,0,Not Graduate,No,3163.0,0.0,170.0,360.0,0.0,Rural,N
LP1607,Male,Yes,0,Graduate,No,4139.0,1995.0,238.0,360.0,1.0,Semiurban,Y
LP1608,Male,No,3+,Graduate,No,1957.0,53.0,77.0,360.0,1.0,Semiurban,N
LP1609,Male,No,0,Graduate,No,4539.0,0.0,205.0,360.0,1.0,Semiurban,Y
LP1610,Male,Yes,2,Graduate,No,5465.0,0.0,216.0,360.0,1.0,Semiurban,Y
LP1611,Male,Yes,2,Graduate,Yes,15651.0,203.0,608.0,360.0,1.0,Semiurban,Y
LP1612,Male,Yes,0,Not Graduate,No,6861.0,708.0,248.0,360.0,1.0,Urban,Y
LP1613,Male,No,0,Graduate,No,4642.0,2641.0,295.0,360.0,1.0,Urban,Y
LP1614,Female,Yes,0,Not Graduate,No,2539.0,4742.0,177.0,360.0,1.0,Rural,Y
LP1615,Female,Yes,1,Not Graduate,No,4156.0,3116.0,214.0,360.0,,Urban,N
LP1616,Male,Yes,0,Graduate,Yes,3757.0,995.0,,360.0,1.0,Semiurban,Y
LP1617,Male,No,0,Not Graduate,Yes,1768.0,4719.0,212.0,360.0,1.0,Semiurban,Y
LP1618,Female,No,0,Graduate,No,3111.0,2461.0,242.0,360.0,1.0,Rural,N
LP1619,Male,Yes,1,Graduate,No,4716.0,423.0,182.0,360.0,1.0,Semiurban,Y
LP1620,Male,No,0,Graduate,No,5050.0,239.0,232.0,360.0,1.0,Semiurban,Y
LP1621,Male,Yes,0,Graduate,No,7859.0,2319.0,379.0,360.0,1.0,Rural,Y
LP1622,Male,Yes,0,Graduate,No,10502.0,0.0,437.0,360.0,,Rural,Y
LP1623,Male,No,0,Graduate,No,4996.0,406.0,217.0,360.0,0.0,Semiurban,N
LP1624,Male,Yes,2,Graduate,No,8353.0,1106.0,382.0,360.0,1.0,Semiurban,Y
LP1625,Male,Yes,0,Graduate,No,4646.0,2782.0,276.0,360.0,0.0,Urban,N
LP1626,Male,Yes,2,Graduate,No,3597.0,738.0,175.0,360.0,0.0,Semiurban,N
LP1627,Male,No,1,Not Graduate,No,7682.0,719.0,296.0,360.0,1.0,Rural,Y
LP1628,Male,No,1,Graduate,No,4608.0,0.0,187.0,360.0,1.0,Rural,Y
LP1629,Male,Yes,1,Graduate,No,3833.0,0.0,171.0,360.0,,Urban,N
LP1630,Male,No,0,Graduate,No,3511.0,936.0,167.0,180.0,1.0,Semiurban,N
LP1631,Female,Yes,0,Graduate,Yes,2373.0,2016.0,152.0,360.0,1.0,Semiurban,N
LP1632,Male,Yes,1,Graduate,Yes,5782.0,2179.0,240.0,360.0,,Rural,Y
LP1633,,Yes,0,Graduate,No,4251.0,1189.0,252.0,360.0,1.0,Semiurban,N
LP1634,Male,Yes,1,Graduate,No,8497.0,697.0,320.0,360.0,1.0,Semiurban,Y
LP1635,Male,Yes,0,Graduate,No,11737.0,828.0,476.0,360.0,,Urban,Y
LP1636,Male,No,3+,Not Graduate,No,3500.0,0.0,,360.0,1.0,Semiurban,Y
LP1637,Male,Yes,,Graduate,No,2781.0,4668.0,260.0,360.0,0.0,Urban,N
LP1638,Male,Yes,0,Graduate,No,10645.0,339.0,446.0,360.0,1.0,Rural,Y
LP1639,Male,Yes,0,Graduate,No,6055.0,443.0,275.0,,1.0,Semiurban,Y
LP1640,Male,Yes,,Graduate,No,5954.0,0.0,259.0,360.0,1.0,Semiurban,Y
LP1641,Male,No,2,Graduate,No,6582.0,0.0,315.0,360.0,1.0,Semiurban,Y
LP1642,Male,Yes,0,Graduate,No,9168.0,0.0,358.0,360.0,1.0,Rural,Y
LP1643,Male,Yes,2,Graduate,No,9140.0,2009.0,401.0,360.0,1.0,Urban,Y
LP1644,Male,No,0,Graduate,No,7517.0,1106.0,327.0,360.0,0.0,Urban,N
LP1645,,Yes,0,Graduate,No,3153.0,830.0,118.0,360.0,1.0,Rural,N
LP1646,Male,Yes,2,Not Graduate,No,2117.0,0.0,74.0,360.0,1.0,Rural,N
LP1647,Male,Yes,2,Graduate,No,3167.0,0.0,80.0,60.0,1.0,Rural,Y
LP1648,Male,Yes,1,Graduate,,2468.0,0.0,74.0,240.0,0.0,Urban,N
LP1649,Male,No,2,Graduate,,7924.0,0.0,266.0,180.0,1.0,Urban,Y
LP1650,Male,No,0,Graduate,No,4111.0,758.0,223.0,360.0,0.0,Urban,N
LP1651,Male,Yes,2,Graduate,No,7445.0,609.0,319.0,180.0,1.0,Urban,N
LP1652,Male,No,0,Graduate,No,5646.0,0.0,282.0,360.0,1.0,Rural,Y
LP1653,Male,Yes,0,Graduate,No,4081.0,0.0,197.0,360.0,0.0,Urban,N
LP1654,Male,Yes,0,Graduate,No,3534.0,0.0,178.0,360.0,1.0,Semiurban,Y
LP1655,Male,Yes,0,Graduate,No,3942.0,0.0,153.0,360.0,1.0,Urban,Y
LP1656,Male,Yes,0,Not Graduate,,2802.0,47.0,128.0,360.0,1.0,Semiurban,N
LP1657,Male,Yes,0,Graduate,Yes,11885.0,421.0,461.0,360.0,0.0,Rural,N
LP1658,Male,Yes,0,Graduate,No,5352.0,2640.0,277.0,360.0,1.0,Urban,Y
LP1659,Male,No,0,Not Graduate,No,5650.0,1445.0,270.0,360.0,1.0,Urban,N
LP1660,Male,Yes,1,Graduate,No,5579.0,0.0,171.0,120.0,0.0,Urban,N
LP1661,Female,Yes,0,Graduate,No,7833.0,0.0,298.0,360.0,1.0,Urban,Y
LP1662,Male,Yes,0,Graduate,No,3764.0,0.0,174.0,360.0,1.0,Semiurban,Y
LP1663,Male,Yes,,Graduate,No,9383.0,1109.0,394.0,360.0,1.0,Urban,Y
LP1664,Male,Yes,2,Graduate,No,4823.0,3256.0,269.0,360.0,1.0,Semiurban,Y
LP1665,Male,Yes,2,Graduate,No,4732.0,1021.0,208.0,120.0,0.0,Rural,N
LP1666,Male,No,0,Graduate,No,10046.0,0.0,424.0,240.0,1.0,Semiurban,Y
LP1667,Male,Yes,1,Graduate,,3735.0,346.0,171.0,360.0,1.0,Urban,Y
LP1668,Male,Yes,0,Graduate,No,6764.0,0.0,264.0,360.0,,Semiurban,Y
LP1669,Male,Yes,0,Not Graduate,Yes,5559.0,0.0,223.0,60.0,1.0,Urban,Y
LP1670,Male,Yes,0,Graduate,Yes,4069.0,630.0,207.0,120.0,1.0,Semiurban,Y
LP1671,Female,Yes,2,Graduate,Yes,7262.0,1142.0,364.0,360.0,1.0,Semiurban,N
LP1672,Male,No,0,Graduate,No,3037.0,1634.0,156.0,360.0,1.0,Urban,Y
LP1673,Male,Yes,0,Graduate,Yes,4052.0,2572.0,237.0,360.0,1.0,Rural,N
LP1674,Male,Yes,0,Graduate,No,5865.0,0.0,272.0,360.0,,Rural,Y
LP1675,Female,Yes,2,Graduate,No,11078.0,0.0,459.0,120.0,1.0,Rural,Y
LP1676,Male,Yes,1,Not Graduate,No,10613.0,0.0,382.0,180.0,1.0,Urban,Y
LP1677,Male,Yes,0,Graduate,No,6811.0,0.0,246.0,360.0,1.0,Semiurban,Y
LP1678,Female,No,1,Graduate,No,4875.0,0.0,169.0,360.0,1.0,Rural,Y
LP1679,Female,Yes,0,Graduate,No,1864.0,1943.0,120.0,360.0,1.0,Urban,Y
LP1680,Female,No,1,Graduate,No,8394.0,0.0,347.0,360.0,1.0,Rural,Y
LP1681,Male,Yes,0,Graduate,No,8945.0,1055.0,446.0,360.0,1.0,Urban,Y
LP1682,Male,No,2,Graduate,No,6767.0,2299.0,337.0,360.0,1.0,Urban,Y
LP1683,Male,Yes,0,Not Graduate,No,4980.0,0.0,219.0,360.0,1.0,Semiurban,Y
LP1684,Female,No,1,Graduate,No,8055.0,1692.0,407.0,180.0,1.0,Rural,Y
LP1685,Male,Yes,0,Graduate,No,5485.0,504.0,279.0,240.0,1.0,Rural,Y
LP1686,Male,No,0,Graduate,No,5182.0,1305.0,280.0,360.0,1.0,Rural,Y
LP1687,Male,Yes,,Graduate,No,2469.0,0.0,76.0,360.0,1.0,Urban,Y
LP1688,Male,Yes,0,Graduate,No,7862.0,701.0,292.0,360.0,1.0,Urban,Y
LP1689,Male,Yes,0,Not Graduate,,5966.0,0.0,220.0,360.0,,Rural,N
LP1690,Male,No,2,Not Graduate,No,10588.0,2336.0,499.0,360.0,1.0,Urban,Y
LP1691,Male,Yes,0,Graduate,No,4207.0,0.0,146.0,360.0,,Semiurban,Y
LP1692,Male,No,1,Graduate,No,3615.0,2108.0,159.0,240.0,1.0,Semiurban,Y
LP1693,Male,Yes,2,Not Graduate,No,8904.0,1571.0,367.0,360.0,1.0,Urban,Y
LP1694,Male,Yes,1,Graduate,No,9777.0,1085.0,514.0,360.0,1.0,Urban,Y
LP1695,Male,Yes,1,Graduate,No,5643.0,0.0,219.0,360.0,1.0,Semiurban,Y
LP1696,,No,1,Graduate,No,8218.0,0.0,383.0,360.0,0.0,Rural,N
LP1697,Male,No,0,Graduate,No,4815.0,1932.0,244.0,360.0,1.0,Semiurban,Y
LP1698,Male,No,2,Graduate,No,4938.0,83.0,224.0,360.0,1.0,Semiurban,Y
LP1699,Male,Yes,0,Not Graduate,Yes,6784.0,1894.0,324.0,360.0,1.0,Semiurban,Y
LP1700,Male,Yes,1,Not Graduate,No,4908.0,0.0,197.0,60.0,1.0,Urban,N
LP1701,Male,No,1,Graduate,,6319.0,0.0,276.0,360.0,1.0,Urban,Y
LP1702,Male,Yes,0,Graduate,No,5895.0,3514.0,329.0,360.0,1.0,Semiurban,Y
LP1703,Male,No,0,Not Graduate,No,3209.0,0.0,93.0,360.0,1.0,Urban,N
LP1704,Male,No,0,Graduate,No,6303.0,0.0,228.0,360.0,1.0,Urban,Y
LP1705,Female,No,2,Graduate,No,3259.0,1503.0,151.0,360.0,1.0,Semiurban,Y
LP1706,Male,No,3+,Graduate,No,7924.0,1412.0,362.0,360.0,1.0,Semiurban,Y
LP1707,Female,Yes,0,Graduate,No,8974.0,0.0,302.0,360.0,1.0,Urban,Y
LP1708,Male,Yes,1,Graduate,No,5206.0,0.0,217.0,360.0,1.0,Semiurban,Y
LP1709,Male,No,3+,Graduate,No,11111.0,766.0,505.0,360.0,1.0,Semiurban,Y
LP1710,Male,Yes,0,Graduate,No,9695.0,0.0,373.0,360.0,1.0,Urban,Y
LP1711,Male,No,0,Not Graduate,No,6351.0,1890.0,291.0,180.0,1.0,Rural,Y
LP1712,Male,No,1,Graduate,No,4953.0,0.0,257.0,240.0,1.0,Urban,Y
LP1713,Male,Yes,2,Graduate,No,8623.0,0.0,389.0,360.0,1.0,Rural,Y
LP1714,Male,No,2,Graduate,Yes,11206.0,1004.0,491.0,360.0,1.0,Urban,Y
LP1715,Female,Yes,0,Graduate,Yes,6581.0,513.0,256.0,120.0,1.0,Rural,Y
LP1716,Female,Yes,0,Graduate,Yes,12040.0,0.0,499.0,120.0,1.0,Urban,Y
LP1717,Female,Yes,0,Graduate,No,4452.0,2156.0,213.0,360.0,1.0,Semiurban,Y
LP1718,Male,Yes,0,Graduate,No,7576.0,0.0,263.0,360.0,1.0,Urban,Y
LP1719,Male,Yes,0,Graduate,,5618.0,1160.0,273.0,360.0,,Semiurban,Y
LP1720,Female,Yes,2,Graduate,No,3531.0,0.0,127.0,180.0,1.0,Semiurban,Y
LP1721,Male,No,0,Graduate,Yes,4648.0,2500.0,200.0,,1.0,Urban,Y
LP1722,Male,No,2,Graduate,No,8954.0,3228.0,473.0,360.0,1.0,Rural,Y
LP1723,Male,Yes,0,Graduate,No,5337.0,1178.0,293.0,360.0,0.0,Urban,N
LP1724,Male,Yes,1,Graduate,No,4359.0,1485.0,239.0,360.0,1.0,Rural,Y
LP1725,Female,No,0,Not Graduate,No,9911.0,510.0,397.0,360.0,1.0,Urban,Y
LP1726,Male,Yes,0,Not Graduate,No,8834.0,3509.0,394.0,360.0,1.0,Semiurban,Y
LP1727,Male,Yes,0,Graduate,No,4737.0,0.0,194.0,360.0,0.0,Semiurban,N
LP1728,Male,Yes,3+,Graduate,No,12317.0,0.0,473.0,360.0,0.0,Semiurban,N
LP1729,Male,Yes,2,Graduate,No,5457.0,3292.0,290.0,180.0,0.0,Urban,N
LP1730,Male,Yes,0,Graduate,No,6595.0,1143.0,240.0,360.0,,Semiurban,Y
LP1731,Female,No,0,Graduate,No,5860.0,0.0,291.0,360.0,1.0,Rural,Y
LP1732,Male,Yes,3+,Graduate,,3796.0,1343.0,159.0,180.0,1.0,Rural,Y
LP1733,Male,Yes,0,Not Graduate,No,5261.0,697.0,177.0,360.0,1.0,Urban,N
LP1734,Male,Yes,0,Graduate,No,5576.0,2358.0,345.0,360.0,0.0,Semiurban,N
LP1735,Female,Yes,1,Graduate,No,2168.0,0.0,88.0,360.0,1.0,Urban,Y
LP1736,Male,No,3+,Graduate,No,6446.0,0.0,254.0,180.0,1.0,Urban,Y
LP1737,Female,No,0,Graduate,No,8337.0,734.0,365.0,240.0,1.0,Semiurban,Y
LP1738,Male,No,0,Graduate,No,3278.0,0.0,144.0,360.0,1.0,Urban,N
LP1739,Male,Yes,3+,Graduate,No,7670.0,951.0,342.0,360.0,1.0,Semiurban,Y
LP1740,Male,,0,Graduate,No,9162.0,2251.0,,180.0,1.0,Semiurban,Y
LP1741,Male,No,,Graduate,No,964.0,1225.0,28.0,360.0,1.0,Semiurban,Y
LP1742,Male,No,1,Not Graduate,No,5299.0,1483.0,235.0,360.0,1.0,Rural,Y
LP1743,Male,Yes,2,Graduate,No,12218.0,1071.0,506.0,360.0,1.0,Semiurban,Y
LP1744,Male,Yes,0,Graduate,No,6375.0,0.0,244.0,360.0,0.0,Semiurban,N
LP1745,Female,Yes,3+,Graduate,No,2116.0,2223.0,158.0,360.0,1.0,Rural,Y
LP1746,Male,No,1,Not Graduate,,2980.0,501.0,126.0,360.0,1.0,Semiurban,N
LP1747,Male,Yes,0,Graduate,No,6506.0,1620.0,288.0,360.0,1.0,Urban,Y
LP1748,Female,Yes,3+,Graduate,No,7489.0,0.0,311.0,60.0,1.0,Urban,Y
LP1749,Male,No,0,Not Graduate,No,5805.0,0.0,254.0,360.0,0.0,Urban,N
LP1750,Male,No,0,Graduate,Yes,6332.0,0.0,229.0,360.0,0.0,Semiurban,N
LP1751,Female,No,1,Graduate,Yes,5884.0,1422.0,237.0,360.0,1.0,Rural,Y
LP1752,Male,Yes,0,Graduate,,4166.0,0.0,172.0,360.0,1.0,Urban,Y
LP1753,Male,No,0,Graduate,Yes,5891.0,2003.0,283.0,240.0,1.0,Semiurban,Y
LP1754,Male,Yes,0,Graduate,No,2576.0,394.0,140.0,180.0,1.0,Rural,N
LP1755,Male,Yes,0,Graduate,No,4841.0,0.0,164.0,180.0,0.0,Rural,N
LP1756,Male,Yes,2,Graduate,No,7257.0,697.0,275.0,240.0,1.0,Semiurban,Y
LP1757,Male,Yes,1,Not Graduate,No,3685.0,0.0,128.0,120.0,1.0,Urban,Y
LP1758,Female,Yes,3+,Graduate,No,5043.0,1560.0,264.0,360.0,1.0,Urban,Y
LP1759,Male,No,0,Graduate,No,6078.0,0.0,233.0,360.0,1.0,Urban,Y
LP1760,Male,Yes,0,Not Graduate,No,11890.0,0.0,473.0,360.0,1.0,Urban,Y
LP1761,Male,No,0,Graduate,No,8808.0,0.0,337.0,360.0,0.0,Urban,N
LP1762,Male,Yes,0,Not Graduate,No,2528.0,2576.0,209.0,360.0,1.0,Semiurban,N
LP1763,Male,Yes,0,Not Graduate,No,13193.0,587.0,560.0,360.0,0.0,Urban,N
LP1764,Male,Yes,2,Not Graduate,No,10222.0,1579.0,411.0,360.0,,Urban,N
LP1765,Male,Yes,3+,Graduate,No,6258.0,0.0,277.0,360.0,1.0,Urban,Y
LP1766,Male,Yes,3+,Graduate,No,8150.0,2707.0,425.0,360.0,1.0,Semiurban,Y
LP1767,Female,Yes,0,Graduate,No,3938.0,0.0,190.0,360.0,1.0,Semiurban,Y
LP1768,Male,Yes,2,Not Graduate,No,5588.0,3912.0,325.0,180.0,1.0,Semiurban,Y
LP1769,Female,Yes,0,Graduate,No,3825.0,2773.0,208.0,360.0,1.0,Urban,Y
LP1770,Male,Yes,0,Graduate,No,7455.0,1664.0,346.0,60.0,1.0,Urban,Y
LP1771,Female,No,2,Graduate,No,15037.0,2340.0,,180.0,1.0,Urban,Y
LP1772,Male,Yes,1,Graduate,No,4720.0,0.0,224.0,360.0,1.0,Urban,N
LP1773,Male,No,0,Graduate,No,5314.0,0.0,232.0,360.0,1.0,Rural,Y
LP1774,Male,No,0,Not Graduate,No,5677.0,0.0,232.0,360.0,1.0,Rural,Y
LP1775,Male,No,0,Graduate,No,4842.0,0.0,190.0,360.0,1.0,Semiurban,Y
LP1776,Male,No,1,Graduate,No,7263.0,2641.0,370.0,360.0,1.0,Rural,Y
LP1777,Male,Yes,0,Not Graduate,No,9113.0,0.0,353.0,360.0,1.0,Semiurban,Y
LP1778,Male,No,3+,Graduate,No,4341.0,1176.0,229.0,360.0,0.0,Urban,N
LP1779,Male,No,0,Graduate,No,5645.0,1248.0,220.0,360.0,0.0,Rural,N
LP1780,Male,Yes,0,Graduate,No,7695.0,0.0,308.0,120.0,,Urban,Y
LP1781,Male,Yes,0,Graduate,No,3661.0,0.0,178.0,360.0,,Semiurban,N
LP1782,Male,Yes,0,Graduate,Yes,3087.0,0.0,89.0,360.0,1.0,Urban,N
LP1783,Male,No,0,Not Graduate,No,4301.0,0.0,230.0,360.0,1.0,Semiurban,N
LP1784,Male,No,1,Graduate,No,7871.0,458.0,,360.0,1.0,Semiurban,Y
LP1785,Female,Yes,,Graduate,No,3571.0,2069.0,190.0,360.0,1.0,Semiurban,Y
LP1786,Male,Yes,3+,Graduate,Yes,4441.0,1508.0,254.0,360.0,1.0,Urban,Y
LP1787,Male,Yes,2,Graduate,,5669.0,2172.0,335.0,360.0,1.0,Urban,Y
LP1788,Male,Yes,2,Graduate,No,6103.0,0.0,,360.0,1.0,Urban,Y
LP1789,Female,No,1,Graduate,No,5319.0,0.0,223.0,360.0,1.0,Rural,N
LP1790,Male,Yes,2,Graduate,No,5727.0,598.0,301.0,120.0,1.0,Rural,Y
LP1791,Male,Yes,0,Graduate,,2691.0,0.0,67.0,360.0,1.0,Semiurban,N
LP1792,Male,Yes,0,Graduate,No,4219.0,0.0,117.0,360.0,,Urban,Y
LP1793,Male,No,0,Graduate,No,8139.0,4167.0,393.0,360.0,1.0,Rural,Y
LP1794,Male,Yes,0,Graduate,No,4060.0,962.0,166.0,360.0,0.0,Urban,N
LP1795,Female,No,0,Graduate,No,6180.0,555.0,242.0,,1.0,Urban,Y
LP1796,Female,Yes,3+,Not Graduate,No,5908.0,0.0,248.0,360.0,1.0,Urban,Y
LP1797,Male,Yes,0,Graduate,No,7766.0,3725.0,453.0,360.0,1.0,Rural,Y
LP1798,Male,Yes,0,Graduate,No,8275.0,0.0,358.0,240.0,0.0,Urban,N
LP1799,Female,Yes,0,Not Graduate,No,9301.0,3584.0,506.0,360.0,1.0,Urban,Y
LP1800,Male,Yes,0,Not Graduate,No,10566.0,0.0,394.0,360.0,1.0,Semiurban,Y
LP1801,Male,No,0,Graduate,Yes,3594.0,0.0,155.0,360.0,0.0,Urban,N
LP1802,Male,No,0,Graduate,No,1916.0,1114.0,88.0,360.0,1.0,Semiurban,Y
LP1803,Male,No,0,Graduate,Yes,4730.0,1713.0,259.0,360.0,1.0,Semiurban,Y
LP1804,Male,Yes,0,Graduate,No,3464.0,1298.0,179.0,360.0,1.0,Semiurban,N
LP1805,Male,No,2,Not Graduate,No,3831.0,0.0,180.0,360.0,1.0,Urban,Y
LP1806,Female,Yes,1,Graduate,No,7130.0,87.0,359.0,360.0,1.0,Urban,Y
LP1807,Female,Yes,0,Graduate,No,9054.0,501.0,376.0,360.0,0.0,Rural,N
LP1808,Male,Yes,0,Not Graduate,No,6254.0,3580.0,324.0,360.0,1.0,Rural,Y
LP1809,Male,Yes,0,Graduate,,4141.0,0.0,117.0,240.0,1.0,Urban,Y
LP1810,Female,No,2,Graduate,No,6397.0,0.0,229.0,360.0,,Urban,Y
LP1811,Female,Yes,0,Not Graduate,No,7887.0,744.0,370.0,,1.0,Urban,Y
LP1812,Male,Yes,0,Graduate,No,2701.0,1081.0,155.0,360.0,1.0,Semiurban,Y
LP1813,Female,Yes,,Graduate,Yes,4887.0,4474.0,337.0,360.0,1.0,Semiurban,Y
LP1814,Female,Yes,0,Not Graduate,Yes,5081.0,0.0,215.0,360.0,1.0,Urban,Y
LP1815,Male,Yes,0,Graduate,Yes,5250.0,1529.0,277.0,360.0,1.0,Semiurban,Y
LP1816,Male,Yes,0,Graduate,No,3701.0,1947.0,160.0,360.0,0.0,Semiurban,N
LP1817,Male,No,3+,Graduate,No,6466.0,0.0,288.0,360.0,0.0,Rural,N
LP1818,Male,No,2,Graduate,No,6742.0,1463.0,325.0,360.0,1.0,Urban,Y
LP1819,Male,Yes,1,Graduate,No,3557.0,0.0,99.0,360.0,1.0,Urban,Y
LP1820,Female,Yes,0,Graduate,No,10035.0,0.0,411.0,360.0,1.0,Urban,Y
LP1821,Male,,0,Graduate,No,3136.0,536.0,102.0,360.0,1.0,Rural,Y
LP1822,Male,No,,Graduate,No,4070.0,1517.0,224.0,360.0,1.0,Rural,Y
LP1823,Male,Yes,3+,Graduate,No,2988.0,897.0,150.0,120.0,1.0,Semiurban,Y
LP1824,Male,Yes,0,Graduate,No,2766.0,0.0,80.0,360.0,1.0,Urban,Y
LP1825,Female,Yes,2,Not Graduate,No,5972.0,0.0,251.0,360.0,1.0,Urban,Y
LP1826,Male,Yes,0,Graduate,No,4065.0,639.0,206.0,360.0,1.0,Urban,Y
LP1827,Male,Yes,0,Graduate,Yes,8298.0,0.0,315.0,180.0,1.0,Semiurban,Y
LP1828,Male,No,1,Graduate,No,3724.0,1231.0,209.0,360.0,1.0,Urban,Y
LP1829,Male,Yes,0,Graduate,Yes,4090.0,0.0,155.0,180.0,1.0,Urban,Y
LP1830,Male,Yes,3+,Graduate,No,7805.0,1906.0,396.0,360.0,0.0,Semiurban,N
LP1831,Male,No,0,Not Graduate,No,3296.0,1251.0,166.0,360.0,1.0,Urban,N
LP1832,Male,No,0,Graduate,No,4520.0,0.0,216.0,180.0,0.0,Semiurban,N
LP1833,Male,Yes,3+,Not Graduate,,9959.0,370.0,382.0,240.0,1.0,Urban,Y
LP1834,Male,Yes,,Graduate,No,1396.0,0.0,29.0,360.0,1.0,Rural,Y
LP1835,Male,Yes,0,Graduate,No,990.0,0.0,16.0,360.0,1.0,Semiurban,Y
LP1836,Female,No,0,Not Graduate,No,2704.0,1583.0,159.0,360.0,0.0,Rural,N
LP1837,Male,Yes,1,Graduate,No,10748.0,1431.0,468.0,360.0,1.0,Semiurban,Y
LP1838,Male,No,0,Graduate,No,6799.0,0.0,281.0,120.0,0.0,Rural,N
LP1839,Male,No,3+,Not Graduate,No,6452.0,3625.0,332.0,360.0,1.0,Rural,Y
LP1840,Male,Yes,3+,Not Graduate,No,2707.0,0.0,87.0,360.0,1.0,Semiurban,Y
LP1841,Male,Yes,0,Not Graduate,No,5865.0,0.0,273.0,360.0,1.0,Rural,Y
LP1842,Male,Yes,0,Graduate,No,3590.0,440.0,168.0,360.0,1.0,Urban,N
LP1843,Female,Yes,0,Graduate,No,8398.0,780.0,378.0,360.0,0.0,Urban,N
LP1844,Male,Yes,3+,Graduate,No,8577.0,861.0,361.0,360.0,1.0,Urban,Y
LP1845,Male,No,0,Graduate,No,4272.0,932.0,208.0,360.0,1.0,Semiurban,Y
LP1846,Male,No,0,Not Graduate,No,7034.0,1131.0,301.0,180.0,1.0,Semiurban,N
LP1847,Female,Yes,0,Graduate,No,6602.0,4155.0,333.0,360.0,,Rural,Y
LP1848,Male,No,1,Graduate,Yes,5291.0,0.0,243.0,360.0,1.0,Urban,N
LP1849,Male,Yes,0,Graduate,No,3653.0,2071.0,214.0,360.0,1.0,Semiurban,Y
LP1850,Male,Yes,0,Graduate,No,4532.0,3002.0,249.0,360.0,1.0,Urban,Y
LP1851,Male,Yes,3+,Not Graduate,No,8250.0,1919.0,388.0,360.0,1.0,Semiurban,Y
LP1852,Male,Yes,3+,Graduate,No,10027.0,3430.0,490.0,60.0,1.0,Urban,Y
LP1853,Female,No,2,Graduate,No,4728.0,0.0,234.0,180.0,0.0,Rural,N
LP1854,Male,No,0,Not Graduate,No,10495.0,0.0,440.0,180.0,0.0,Urban,N
LP1855,Male,Yes,0,Graduate,No,6802.0,3061.0,329.0,360.0,0.0,Urban,N
LP1856,Male,Yes,1,Graduate,No,5374.0,0.0,176.0,180.0,1.0,Rural,N
LP1857,Male,Yes,0,Graduate,No,5088.0,3013.0,301.0,360.0,,Semiurban,Y
LP1858,Male,Yes,3+,Graduate,No,3764.0,1698.0,206.0,360.0,1.0,Urban,Y
LP1859,Male,No,,Graduate,No,7261.0,2976.0,395.0,360.0,0.0,Semiurban,N
LP1860,Male,No,0,Not Graduate,No,11315.0,3893.0,565.0,360.0,1.0,Urban,Y
LP1861,Male,Yes,3+,Graduate,No,5273.0,0.0,191.0,360.0,1.0,Rural,Y
LP1862,Male,Yes,3+,Not Graduate,No,3434.0,881.0,179.0,360.0,1.0,Semiurban,N
LP1863,Male,Yes,0,Not Graduate,No,7803.0,3425.0,433.0,360.0,1.0,Urban,Y
LP1864,Male,Yes,,Graduate,No,4616.0,2936.0,310.0,360.0,1.0,Semiurban,Y
LP1865,Male,Yes,0,Graduate,No,3738.0,0.0,172.0,360.0,1.0,Urban,Y
LP1866,Male,Yes,0,Graduate,No,2640.0,0.0,80.0,120.0,1.0,Rural,N
LP1867,Male,No,0,Graduate,No,7153.0,4450.0,427.0,180.0,,Rural,Y
LP1868,Female,No,1,Not Graduate,No,9295.0,0.0,363.0,360.0,1.0,Rural,Y
LP1869,Female,Yes,3+,Graduate,No,3036.0,0.0,93.0,360.0,1.0,Urban,Y
LP1870,Male,Yes,0,Graduate,No,4849.0,0.0,140.0,360.0,1.0,Urban,Y
LP1871,Male,Yes,0,Graduate,No,5055.0,943.0,298.0,360.0,1.0,Urban,Y
LP1872,Male,Yes,1,Graduate,No,3867.0,289.0,147.0,60.0,0.0,Semiurban,N
LP1873,Male,No,0,Graduate,Yes,10364.0,505.0,426.0,360.0,,Semiurban,N
LP1874,Male,Yes,2,Graduate,No,2579.0,262.0,118.0,180.0,1.0,Semiurban,Y
LP1875,Male,Yes,0,Graduate,No,6834.0,0.0,277.0,360.0,0.0,Rural,N
LP1876,Male,Yes,0,Graduate,No,7435.0,1535.0,268.0,360.0,1.0,Urban,Y
LP1877,,No,0,Graduate,No,3853.0,0.0,149.0,120.0,1.0,Urban,N
LP1878,Male,Yes,2,Graduate,No,3404.0,1654.0,239.0,360.0,1.0,Urban,Y
LP1879,Male,Yes,0,Graduate,No,4170.0,2044.0,222.0,360.0,1.0,Urban,Y
LP1880,Male,Yes,,Graduate,No,2114.0,0.0,134.0,240.0,1.0,Urban,Y
LP1881,Male,No,0,Graduate,No,11459.0,0.0,459.0,360.0,1.0,Semiurban,Y
LP1882,Male,No,,Graduate,No,4335.0,520.0,178.0,360.0,1.0,Urban,N
LP1883,Male,Yes,0,Not Graduate,No,4619.0,0.0,189.0,360.0,1.0,Urban,N
LP1884,Male,No,3+,Graduate,Yes,12377.0,941.0,524.0,180.0,1.0,Semiurban,Y
LP1885,Male,No,3+,Graduate,Yes,2305.0,877.0,119.0,360.0,1.0,Urban,N
LP1886,Male,No,0,Not Graduate,No,5252.0,1409.0,235.0,240.0,1.0,Semiurban,Y
LP1887,Male,Yes,0,Not Graduate,No,7899.0,2322.0,345.0,360.0,1.0,Urban,Y
LP1888,Male,Yes,,Graduate,No,11471.0,2041.0,537.0,360.0,1.0,Semiurban,Y
LP1889,Male,Yes,0,Graduate,No,2453.0,0.0,101.0,360.0,0.0,Rural,N
LP1890,Male,No,0,Graduate,No,12219.0,0.0,539.0,360.0,0.0,Urban,N
LP1891,Female,Yes,3+,Graduate,No,4838.0,828.0,217.0,360.0,1.0,Semiurban,Y
LP1892,Female,No,3+,Not Graduate,No,4857.0,922.0,177.0,240.0,1.0,Rural,N
LP1893,Male,Yes,0,Graduate,No,3067.0,0.0,132.0,360.0,1.0,Semiurban,Y
LP1894,Male,No,0,Graduate,No,5786.0,0.0,234.0,180.0,1.0,Urban,Y
LP1895,Male,No,2,Graduate,Yes,12244.0,0.0,477.0,360.0,1.0,Semiurban,Y
LP1896,Male,Yes,2,Graduate,No,5733.0,1352.0,288.0,360.0,1.0,Semiurban,Y
LP1897,Female,No,0,Graduate,No,3667.0,1399.0,204.0,360.0,1.0,Rural,Y
LP1898,Male,Yes,0,Not Graduate,No,4040.0,1853.0,181.0,360.0,1.0,Urban,Y
LP1899,Male,No,0,Graduate,Yes,4135.0,492.0,166.0,360.0,1.0,Urban,Y
LP1900,Male,Yes,0,Graduate,No,10734.0,766.0,485.0,360.0,0.0,Urban,N
LP1901,Male,Yes,0,Graduate,No,11823.0,836.0,469.0,180.0,0.0,Urban,N
LP1902,Male,No,0,Graduate,Yes,2574.0,0.0,98.0,360.0,,Urban,N
LP1903,Male,Yes,1,Graduate,No,3188.0,0.0,134.0,360.0,0.0,Urban,N
LP1904,Male,No,0,Not Graduate,No,3380.0,2276.0,169.0,240.0,1.0,Urban,Y
LP1905,Female,Yes,0,Graduate,No,4255.0,0.0,167.0,120.0,1.0,Urban,Y
LP1906,Female,Yes,0,Not Graduate,No,12874.0,0.0,511.0,120.0,,Rural,Y
LP1907,Male,Yes,2,Graduate,No,12131.0,1484.0,520.0,180.0,0.0,Urban,N
LP1908,Male,Yes,2,Graduate,No,5583.0,944.0,206.0,360.0,1.0,Urban,Y
LP1909,Male,Yes,0,Graduate,No,4511.0,1120.0,214.0,240.0,1.0,Urban,Y
LP1910,Male,Yes,0,Graduate,No,1839.0,0.0,55.0,360.0,1.0,Rural,Y
LP1911,Male,Yes,3+,Not Graduate,No,6153.0,0.0,278.0,120.0,1.0,Semiurban,Y
LP1912,Male,Yes,0,Graduate,,5835.0,1392.0,288.0,360.0,1.0,Rural,Y
LP1913,Male,No,0,Graduate,Yes,3008.0,299.0,106.0,120.0,0.0,Urban,N
LP1914,Male,No,0,Graduate,No,6735.0,501.0,273.0,360.0,0.0,Rural,N
LP1915,Male,Yes,0,Not Graduate,No,8467.0,0.0,342.0,360.0,1.0,Semiurban,Y
LP1916,Male,No,0,Graduate,No,2988.0,0.0,108.0,360.0,1.0,Urban,Y
LP1917,Female,Yes,3+,Graduate,No,4370.0,1079.0,162.0,240.0,1.0,Semiurban,Y
LP1918,Male,No,1,Graduate,Yes,8271.0,0.0,340.0,360.0,0.0,Rural,N
LP1919,Male,No,0,Graduate,No,3932.0,0.0,173.0,60.0,0.0,Rural,N
LP1920,Female,No,3+,Graduate,No,4280.0,0.0,193.0,360.0,1.0,Rural,Y
LP1921,Male,Yes,0,Not Graduate,No,4418.0,825.0,230.0,360.0,1.0,Rural,N
LP1922,Female,No,0,Graduate,No,6879.0,578.0,268.0,360.0,1.0,Urban,Y
LP1923,Male,Yes,1,Graduate,No,9006.0,0.0,384.0,360.0,1.0,Semiurban,Y
LP1924,Male,No,1,Graduate,No,11146.0,2163.0,476.0,360.0,,Urban,N
LP1925,Male,Yes,0,Graduate,No,8707.0,0.0,359.0,360.0,1.0,Rural,Y
LP1926,Male,Yes,0,Graduate,No,5557.0,846.0,226.0,360.0,1.0,Urban,Y
LP1927,Male,No,1,Not Graduate,No,7435.0,3748.0,,360.0,1.0,Rural,N
LP1928,Male,No,1,Not Graduate,No,2882.0,523.0,86.0,360.0,1.0,Urban,Y
LP1929,Male,Yes,1,Not Graduate,No,13648.0,0.0,562.0,240.0,1.0,Urban,Y
LP1930,Male,No,0,Not Graduate,No,3747.0,1054.0,158.0,360.0,1.0,Urban,Y
LP1931,Female,Yes,0,Graduate,No,7180.0,580.0,319.0,360.0,0.0,Urban,N
LP1932,Female,Yes,0,Graduate,No,5978.0,739.0,272.0,360.0,1.0,Rural,Y
LP1933,Male,Yes,,Graduate,No,2730.0,2545.0,197.0,180.0,1.0,Urban,Y
LP1934,,Yes,3+,Graduate,No,3757.0,2379.0,223.0,360.0,1.0,Semiurban,Y
LP1935,Male,Yes,0,Graduate,No,9277.0,0.0,336.0,360.0,,Urban,Y
LP1936,Male,Yes,0,Graduate,No,5221.0,0.0,254.0,360.0,1.0,Urban,Y
LP1937,Female,Yes,2,Graduate,Yes,3447.0,0.0,,,,Urban,N
LP1938,Male,Yes,0,Not Graduate,No,4850.0,1164.0,225.0,360.0,0.0,Urban,N
LP1939,Male,,0,Graduate,No,3447.0,1016.0,210.0,,0.0,Rural,N
LP1940,Male,No,2,Not Graduate,No,4258.0,405.0,156.0,360.0,1.0,Semiurban,Y
LP1941,Male,No,2,Graduate,No,2407.0,4199.0,221.0,60.0,0.0,Urban,N
LP1942,Male,Yes,1,Graduate,Yes,5555.0,1038.0,258.0,360.0,1.0,Semiurban,Y
LP1943,Female,Yes,0,Graduate,No,5951.0,0.0,231.0,360.0,0.0,Urban,N
LP1944,Male,Yes,1,Graduate,No,4291.0,0.0,180.0,360.0,1.0,Urban,Y
LP1945,Male,Yes,2,Graduate,No,9256.0,1867.0,409.0,120.0,1.0,Semiurban,Y
LP1946,Male,No,0,Graduate,No,4413.0,0.0,174.0,360.0,1.0,Urban,Y
LP1947,Female,Yes,0,Graduate,No,5219.0,4825.0,357.0,360.0,1.0,Semiurban,Y
LP1948,Female,Yes,2,Graduate,No,4165.0,0.0,208.0,360.0,1.0,Semiurban,Y
LP1949,Male,Yes,0,Graduate,Yes,4616.0,1039.0,265.0,360.0,1.0,Rural,Y
LP1950,Male,Yes,2,Graduate,No,7581.0,1420.0,351.0,360.0,,Rural,Y
LP1951,Male,No,0,Graduate,No,2929.0,0.0,153.0,360.0,1.0,Urban,Y
LP1952,Male,No,0,Graduate,No,6705.0,200.0,252.0,240.0,1.0,Urban,Y
LP1953,Female,Yes,,Graduate,No,3918.0,0.0,224.0,360.0,1.0,Urban,Y
LP1954,Male,Yes,2,Graduate,No,2995.0,1681.0,163.0,360.0,0.0,Urban,N
LP1955,,No,0,Graduate,No,4689.0,0.0,187.0,120.0,1.0,Rural,Y
LP1956,Male,No,0,Graduate,No,10717.0,2039.0,506.0,360.0,0.0,Semiurban,N
LP1957,Male,Yes,1,Graduate,No,7147.0,0.0,311.0,360.0,1.0,Semiurban,Y
LP1958,Male,Yes,1,Graduate,No,4639.0,518.0,,360.0,1.0,Semiurban,Y
LP1959,Male,Yes,3+,Graduate,No,3514.0,1199.0,116.0,120.0,1.0,Urban,Y
LP1960,Male,Yes,0,Graduate,Yes,11933.0,3093.0,590.0,180.0,1.0,Semiurban,Y
LP1961,Male,Yes,0,Graduate,Yes,6300.0,1772.0,278.0,360.0,1.0,Rural,Y
LP1962,Male,Yes,3+,Graduate,No,5649.0,0.0,249.0,360.0,1.0,Semiurban,Y
LP1963,Male,Yes,1,Graduate,No,7051.0,5117.0,458.0,360.0,1.0,Urban,Y
LP1964,Male,Yes,0,Graduate,Yes,7395.0,1436.0,345.0,120.0,0.0,Semiurban,N
LP1965,Male,No,0,Graduate,No,4385.0,1184.0,238.0,360.0,0.0,Urban,N
LP1966,Male,Yes,2,Graduate,No,8052.0,2165.0,372.0,180.0,1.0,Semiurban,Y
LP1967,,Yes,0,Graduate,No,2671.0,0.0,148.0,360.0,1.0,Semiurban,N
LP1968,Male,Yes,1,Graduate,No,7246.0,1037.0,326.0,360.0,,Semiurban,N
LP1969,Male,Yes,0,Graduate,No,4519.0,0.0,175.0,360.0,0.0,Semiurban,N
LP1970,Male,No,0,Graduate,No,9390.0,279.0,418.0,360.0,0.0,Rural,N
LP1971,Female,Yes,1,Not Graduate,No,4370.0,1537.0,201.0,60.0,,Urban,Y
LP1972,Male,Yes,0,Not Graduate,No,8613.0,0.0,281.0,240.0,1.0,Rural,Y
LP1973,Male,No,0,Graduate,No,6392.0,866.0,244.0,360.0,0.0,Semiurban,N
LP1974,,Yes,0,Graduate,No,16175.0,2242.0,757.0,360.0,1.0,Semiurban,Y
LP1975,,No,0,Graduate,No,7903.0,2784.0,407.0,360.0,1.0,Rural,Y
LP1976,Male,Yes,1,Graduate,Yes,5707.0,3024.0,324.0,180.0,1.0,Semiurban,Y
LP1977,Male,Yes,2,Not Graduate,Yes,2238.0,533.0,133.0,180.0,1.0,Rural,N
LP1978,Male,Yes,2,Not Graduate,No,9078.0,1494.0,417.0,360.0,1.0,Urban,Y
LP1979,Male,Yes,0,Graduate,No,9349.0,0.0,366.0,360.0,0.0,Urban,N
LP1980,Male,No,0,Graduate,No,4726.0,1490.0,221.0,360.0,1.0,Semiurban,Y
LP1981,Male,No,0,Graduate,No,3987.0,2651.0,204.0,60.0,1.0,Rural,Y
LP1982,Male,Yes,3+,Graduate,Yes,8203.0,1582.0,344.0,360.0,1.0,Rural,Y
LP1983,Male,Yes,2,Not Graduate,No,6342.0,518.0,274.0,240.0,0.0,Semiurban,N
LP1984,Male,No,2,Not Graduate,No,5139.0,2684.0,281.0,180.0,1.0,Semiurban,Y
LP1985,Male,No,0,Graduate,No,6892.0,1456.0,334.0,360.0,1.0,Urban,Y
LP1986,Male,Yes,0,Graduate,No,4718.0,3832.0,301.0,240.0,1.0,Rural,Y
LP1987,Male,Yes,0,Graduate,Yes,9287.0,521.0,355.0,360.0,0.0,Urban,N
LP1988,Male,Yes,0,Graduate,No,4898.0,1476.0,248.0,360.0,1.0,Semiurban,Y
LP1989,Female,No,0,Not Graduate,Yes,8203.0,0.0,334.0,180.0,0.0,Semiurban,N
LP1990,Male,Yes,,Graduate,No,5703.0,1608.0,277.0,360.0,1.0,Semiurban,Y
LP1991,Male,Yes,0,Graduate,No,6537.0,2335.0,336.0,360.0,1.0,Semiurban,Y
LP1992,Male,No,0,Graduate,,11760.0,2854.0,615.0,360.0,1.0,Rural,Y
LP1993,Male,Yes,0,Not Graduate,Yes,4437.0,1411.0,184.0,360.0,1.0,Semiurban,Y
LP1994,Male,Yes,3+,Graduate,No,7956.0,0.0,290.0,120.0,,Rural,Y
LP1995,Male,Yes,1,Not Graduate,No,10519.0,2543.0,446.0,120.0,1.0,Urban,Y
LP1996,Female,Yes,1,Not Graduate,No,7824.0,1219.0,352.0,360.0,1.0,Semiurban,Y
LP1997,Male,Yes,3+,Not Graduate,No,9529.0,0.0,323.0,360.0,1.0,Semiurban,Y
LP1998,Female,Yes,0,Graduate,No,5976.0,0.0,246.0,360.0,0.0,Semiurban,N
LP1999,,Yes,1,Graduate,Yes,7629.0,0.0,303.0,360.0,0.0,Rural,N
LP2000,Male,Yes,0,Graduate,No,8594.0,832.0,352.0,360.0,1.0,Urban,Y
LP2001,Male,No,0,Graduate,Yes,5646.0,1364.0,281.0,360.0,0.0,Urban,N
LP2002,Female,No,2,Graduate,No,14780.0,4387.0,732.0,360.0,1.0,Semiurban,Y
LP2003,Male,Yes,2,Graduate,No,3740.0,3692.0,309.0,360.0,1.0,Urban,Y
LP2004,Female,Yes,0,Graduate,Yes,3434.0,2083.0,218.0,180.0,1.0,Rural,Y
LP2005,Male,Yes,0,Not Graduate,No,11156.0,3460.0,548.0,360.0,1.0,Urban,Y
LP2006,Male,Yes,0,Graduate,No,10326.0,0.0,345.0,360.0,1.0,Semiurban,Y
LP2007,Female,Yes,0,Graduate,No,4032.0,0.0,189.0,360.0,0.0,Urban,N
LP2008,Male,No,0,Graduate,No,9527.0,3003.0,499.0,360.0,0.0,Semiurban,N
LP2009,Male,Yes,0,Graduate,No,6923.0,0.0,317.0,360.0,1.0,Urban,Y
LP2010,,Yes,0,Not Graduate,No,5735.0,0.0,161.0,180.0,1.0,Urban,Y
LP2011,Female,Yes,2,Graduate,No,3968.0,0.0,165.0,,1.0,Urban,Y
LP2012,Female,No,,Not Graduate,No,5359.0,0.0,,360.0,0.0,Semiurban,N
LP2013,Male,Yes,0,Graduate,No,3603.0,0.0,180.0,120.0,1.0,Rural,N
LP2014,Male,Yes,0,Graduate,No,4946.0,745.0,,360.0,1.0,Urban,Y
LP2015,Female,Yes,2,Graduate,No,3560.0,0.0,144.0,360.0,,Semiurban,N
LP2016,Male,No,0,Graduate,No,2833.0,0.0,83.0,360.0,0.0,Rural,N
LP2017,Male,No,0,Graduate,No,9635.0,0.0,382.0,360.0,1.0,Rural,N
LP2018,Female,Yes,0,Graduate,No,5205.0,1309.0,259.0,360.0,1.0,Rural,N
LP2019,Male,Yes,1,Graduate,No,6641.0,1645.0,,120.0,1.0,Rural,Y
LP2020,Male,Yes,1,Graduate,No,4329.0,550.0,142.0,360.0,0.0,Semiurban,N
LP2021,Male,Yes,2,Graduate,No,5092.0,3407.0,315.0,360.0,1.0,Semiurban,Y
LP2022,Female,No,3+,Not Graduate,No,3505.0,0.0,96.0,360.0,0.0,Urban,N
LP2023,Female,No,,Graduate,No,11202.0,0.0,456.0,360.0,1.0,Semiurban,Y
LP2024,Female,No,1,Graduate,,1826.0,0.0,39.0,360.0,1.0,Rural,Y
LP2025,Male,No,0,Graduate,Yes,8353.0,213.0,297.0,360.0,1.0,Semiurban,Y
LP2026,Female,Yes,0,Not Graduate,Yes,4291.0,2670.0,306.0,360.0,1.0,Semiurban,N
LP2027,Female,Yes,3+,Not Graduate,No,3498.0,0.0,98.0,360.0,1.0,Semiurban,N
LP2028,Male,No,0,Graduate,No,2717.0,0.0,90.0,360.0,,Urban,Y
LP2029,Female,Yes,0,Graduate,No,5969.0,3331.0,338.0,360.0,0.0,Rural,N
LP2030,Male,No,1,Graduate,No,7883.0,0.0,253.0,360.0,1.0,Semiurban,Y
LP2031,Male,Yes,0,Not Graduate,No,7520.0,2154.0,389.0,360.0,1.0,Urban,Y
LP2032,Male,Yes,1,Not Graduate,No,4578.0,516.0,178.0,,1.0,Rural,Y
LP2033,Male,No,1,Not Graduate,Yes,5072.0,979.0,202.0,360.0,1.0,Semiurban,Y
LP2034,Male,Yes,0,Graduate,,3448.0,1167.0,201.0,360.0,0.0,Semiurban,N
LP2035,Male,No,2,Graduate,No,3739.0,0.0,109.0,360.0,1.0,Semiurban,Y
LP2036,Male,No,0,Not Graduate,No,9621.0,3278.0,497.0,360.0,1.0,Semiurban,Y
LP2037,Male,No,0,Graduate,No,2249.0,1527.0,136.0,120.0,1.0,Rural,N
LP2038,Male,No,,Graduate,,2100.0,0.0,86.0,120.0,1.0,Semiurban,N
LP2039,Male,Yes,1,Graduate,No,4034.0,3136.0,254.0,360.0,,Semiurban,Y
LP2040,Male,No,2,Not Graduate,No,11141.0,1565.0,496.0,360.0,,Urban,N
LP2041,Male,Yes,0,Graduate,,5680.0,0.0,159.0,360.0,1.0,Rural,Y
LP2042,Male,Yes,1,Graduate,No,14788.0,506.0,580.0,360.0,1.0,Urban,Y
LP2043,,Yes,0,Graduate,No,4804.0,0.0,165.0,360.0,1.0,Rural,Y
LP2044,Female,Yes,3+,Graduate,No,7640.0,662.0,359.0,360.0,1.0,Urban,Y
LP2045,Male,Yes,0,Graduate,No,9030.0,0.0,366.0,360.0,1.0,Semiurban,Y
LP2046,Male,Yes,1,Graduate,No,13557.0,2055.0,604.0,360.0,1.0,Rural,Y
LP2047,Male,Yes,0,Graduate,No,4205.0,0.0,224.0,120.0,1.0,Urban,N
LP2048,Female,No,0,Graduate,No,5650.0,0.0,165.0,360.0,0.0,Semiurban,N
LP2049,Male,Yes,0,Not Graduate,No,5154.0,503.0,264.0,360.0,0.0,Rural,N
LP2050,Female,No,2,Not Graduate,No,7930.0,2689.0,398.0,,1.0,Semiurban,N
LP2051,Male,No,0,Graduate,No,10591.0,1397.0,443.0,360.0,1.0,Semiurban,Y
LP2052,Female,No,3+,Not Graduate,No,10576.0,687.0,428.0,120.0,0.0,Semiurban,Y
LP2053,Male,Yes,0,Graduate,No,4159.0,848.0,177.0,360.0,1.0,Semiurban,Y
LP2054,Female,No,0,Graduate,Yes,3747.0,955.0,224.0,120.0,0.0,Rural,N
LP2055,Male,Yes,0,Graduate,No,7544.0,0.0,309.0,60.0,1.0,Rural,N
LP2056,Male,No,2,Graduate,No,3239.0,0.0,150.0,360.0,1.0,Urban,N
LP2057,Male,Yes,0,Graduate,Yes,8018.0,0.0,298.0,180.0,,Rural,Y
LP2058,Male,No,2,Graduate,No,5645.0,0.0,229.0,360.0,1.0,Semiurban,Y
LP2059,Male,No,3+,Graduate,No,9817.0,0.0,420.0,360.0,1.0,Urban,Y
LP2060,,Yes,3+,Graduate,No,9111.0,841.0,423.0,360.0,1.0,Urban,Y
LP2061,Female,Yes,0,Graduate,No,5981.0,1712.0,250.0,360.0,,Urban,Y
LP2062,Male,No,1,Graduate,No,3101.0,216.0,155.0,360.0,1.0,Urban,N
LP2063,Male,Yes,2,Graduate,No,3234.0,1926.0,183.0,360.0,1.0,Urban,Y
LP2064,Male,No,0,Graduate,No,5780.0,750.0,265.0,180.0,1.0,Urban,Y
LP2065,Male,Yes,1,Graduate,No,6977.0,0.0,263.0,360.0,1.0,Semiurban,Y
LP2066,Male,Yes,0,Graduate,No,4848.0,870.0,266.0,120.0,1.0,Urban,Y
LP2067,Male,No,0,Graduate,No,3579.0,2192.0,217.0,360.0,1.0,Urban,Y
LP2068,Male,No,0,Graduate,No,4927.0,1379.0,221.0,,1.0,Urban,Y
LP2069,Male,No,0,Not Graduate,,9852.0,2136.0,443.0,360.0,1.0,Urban,Y
LP2070,Male,Yes,0,Not Graduate,No,4928.0,0.0,223.0,240.0,0.0,Urban,N
LP2071,Male,No,0,Not Graduate,No,4229.0,1153.0,225.0,180.0,1.0,Semiurban,Y
LP2072,Male,Yes,1,Graduate,No,3185.0,0.0,130.0,360.0,1.0,Rural,Y
LP2073,Male,Yes,0,Graduate,No,5465.0,0.0,207.0,360.0,1.0,Rural,Y
LP2074,Female,No,0,Not Graduate,No,9153.0,2667.0,475.0,360.0,,Rural,Y
LP2075,Male,Yes,0,Graduate,No,9353.0,0.0,358.0,360.0,1.0,Urban,Y
LP2076,Male,Yes,1,Graduate,No,3824.0,3573.0,243.0,360.0,1.0,Urban,N
LP2077,Male,Yes,1,Graduate,No,6003.0,0.0,316.0,360.0,,Urban,N
LP2078,Male,No,1,Graduate,No,4003.0,1144.0,206.0,360.0,1.0,Rural,Y
LP2079,Female,Yes,1,Not Graduate,No,4736.0,597.0,205.0,360.0,1.0,Urban,N
LP2080,Male,No,0,Graduate,No,5419.0,288.0,212.0,360.0,1.0,Semiurban,Y
LP2081,Male,Yes,2,Graduate,No,4448.0,0.0,172.0,360.0,1.0,Urban,N
LP2082,Male,Yes,0,Graduate,No,1040.0,239.0,86.0,360.0,1.0,Urban,Y
LP2083,Female,No,0,Graduate,No,11218.0,409.0,486.0,360.0,1.0,Rural,N
LP2084,Female,Yes,1,Graduate,No,4215.0,0.0,149.0,360.0,1.0,Semiurban,Y
LP2085,Male,Yes,0,Graduate,Yes,4056.0,0.0,152.0,180.0,1.0,Rural,Y
LP2086,Male,Yes,1,Graduate,No,3813.0,0.0,113.0,360.0,1.0,Semiurban,Y
LP2087,Male,Yes,1,Graduate,No,2608.0,0.0,112.0,180.0,1.0,Rural,Y
LP2088,Female,No,0,Graduate,No,11372.0,0.0,336.0,360.0,0.0,Semiurban,Y
LP2089,Male,Yes,0,Graduate,No,5591.0,1453.0,221.0,240.0,1.0,Rural,Y
LP2090,Female,No,0,Graduate,No,7016.0,0.0,283.0,360.0,1.0,Urban,Y
LP2091,Male,Yes,3+,Graduate,No,6604.0,1493.0,230.0,240.0,1.0,Semiurban,Y
LP2092,Male,Yes,1,Graduate,,4386.0,428.0,257.0,360.0,1.0,Semiurban,Y
LP2093,Male,No,0,Not Graduate,Yes,5583.0,626.0,216.0,360.0,0.0,Semiurban,N
LP2094,Male,Yes,0,Not Graduate,No,7731.0,0.0,324.0,360.0,0.0,Rural,N
LP2095,Male,Yes,1,Graduate,No,2766.0,1104.0,182.0,360.0,1.0,Rural,N
LP2096,Male,Yes,2,Graduate,No,4695.0,0.0,196.0,,1.0,Semiurban,Y
LP2097,Male,Yes,0,Graduate,Yes,5077.0,0.0,203.0,120.0,1.0,Semiurban,Y
LP2098,Male,Yes,0,Graduate,No,4322.0,0.0,156.0,360.0,0.0,Semiurban,N
LP2099,Male,Yes,2,Graduate,No,4283.0,1835.0,187.0,360.0,1.0,Rural,N
LP2100,Male,Yes,0,Not Graduate,No,6075.0,1986.0,288.0,240.0,1.0,Semiurban,Y
LP2101,Female,Yes,0,Graduate,No,10073.0,0.0,406.0,360.0,,Urban,Y
LP2102,Female,Yes,3+,Not Graduate,No,6867.0,4311.0,403.0,360.0,1.0,Semiurban,Y
LP2103,Female,Yes,1,Graduate,No,3765.0,0.0,122.0,60.0,1.0,Urban,Y
LP2104,Female,Yes,0,Graduate,No,16199.0,3963.0,799.0,360.0,1.0,Rural,Y
LP2105,Male,No,0,Graduate,No,10116.0,1024.0,392.0,360.0,1.0,Urban,Y
LP2106,Male,No,0,Graduate,No,4470.0,0.0,197.0,180.0,1.0,Semiurban,Y
LP2107,Male,Yes,0,Graduate,No,10185.0,0.0,433.0,360.0,0.0,Rural,N
LP2108,Male,No,2,Graduate,No,6138.0,848.0,278.0,360.0,0.0,Urban,N
LP2109,Male,Yes,0,Graduate,No,3147.0,2548.0,252.0,360.0,1.0,Urban,Y
LP2110,Female,Yes,1,Graduate,No,9601.0,0.0,396.0,360.0,1.0,Semiurban,Y
LP2111,Male,Yes,,Graduate,No,3765.0,2791.0,276.0,360.0,1.0,Urban,Y
LP2112,Male,Yes,0,Graduate,Yes,7010.0,0.0,200.0,,1.0,Urban,Y
LP2113,Male,Yes,0,Graduate,No,5988.0,1691.0,318.0,240.0,1.0,Rural,Y
LP2114,Male,Yes,0,Graduate,No,7277.0,0.0,309.0,360.0,1.0,Rural,Y
LP2115,Male,Yes,3+,Graduate,No,11767.0,1737.0,539.0,360.0,0.0,Rural,N
LP2116,Male,No,2,Graduate,No,5545.0,363.0,251.0,360.0,1.0,Rural,Y
LP2117,Female,,0,Graduate,No,3127.0,394.0,122.0,360.0,1.0,Urban,Y
LP2118,Male,Yes,1,Graduate,No,4018.0,994.0,213.0,240.0,1.0,Urban,Y
LP2119,Male,No,1,Graduate,No,3016.0,2877.0,260.0,120.0,1.0,Urban,N
LP2120,Female,Yes,3+,Graduate,No,2558.0,0.0,46.0,180.0,,Rural,N
LP2121,Female,Yes,0,Graduate,Yes,9065.0,0.0,398.0,360.0,1.0,Semiurban,Y
LP2122,Female,No,0,Not Graduate,Yes,5892.0,0.0,232.0,360.0,1.0,Urban,N
LP2123,Female,No,2,Graduate,No,5248.0,0.0,190.0,360.0,1.0,Urban,Y
LP2124,Male,No,0,Graduate,Yes,4519.0,1380.0,186.0,360.0,1.0,Semiurban,Y
LP2125,Male,No,0,Not Graduate,Yes,8112.0,0.0,336.0,360.0,1.0,Semiurban,Y
LP2126,Male,No,0,Graduate,No,10711.0,0.0,476.0,180.0,,Rural,Y
LP2127,Male,No,0,Not Graduate,,3712.0,1031.0,168.0,360.0,1.0,Semiurban,N
LP2128,Male,Yes,0,Graduate,No,6886.0,2234.0,362.0,360.0,1.0,Rural,Y
LP2129,Male,Yes,3+,Graduate,No,8776.0,552.0,367.0,360.0,1.0,Semiurban,Y
LP2130,Male,Yes,0,Not Graduate,No,6266.0,0.0,201.0,,,Semiurban,N
LP2131,Male,Yes,0,Graduate,,7815.0,0.0,307.0,180.0,1.0,Rural,Y
LP2132,Male,No,1,Graduate,No,3107.0,413.0,117.0,360.0,1.0,Rural,Y
LP2133,Male,Yes,0,Graduate,,10847.0,1258.0,441.0,240.0,1.0,Urban,Y
LP2134,Male,Yes,0,Graduate,No,8129.0,0.0,312.0,360.0,1.0,Urban,Y
LP2135,Male,Yes,1,Graduate,No,7200.0,1150.0,313.0,360.0,1.0,Semiurban,Y
LP2136,Female,No,2,Graduate,No,8499.0,633.0,389.0,360.0,1.0,Semiurban,Y
LP2137,Male,Yes,1,Graduate,Yes,4866.0,2065.0,257.0,360.0,0.0,Semiurban,N
LP2138,Male,No,1,Graduate,No,3392.0,441.0,107.0,360.0,1.0,Rural,Y
LP2139,Male,Yes,0,Graduate,Yes,3027.0,4045.0,279.0,360.0,0.0,Urban,N
LP2140,Female,Yes,3+,Graduate,No,2800.0,3136.0,218.0,360.0,1.0,Semiurban,Y
LP2141,Male,Yes,0,Graduate,No,6842.0,1890.0,339.0,360.0,,Urban,Y
LP2142,Male,Yes,2,Not Graduate,No,4611.0,382.0,222.0,360.0,0.0,Rural,N
LP2143,Male,No,0,Graduate,Yes,10539.0,1152.0,455.0,180.0,0.0,Rural,N
LP2144,Male,No,3+,Graduate,Yes,9549.0,1971.0,425.0,360.0,1.0,Semiurban,Y
LP2145,Female,Yes,1,Graduate,No,8105.0,2627.0,413.0,360.0,1.0,Urban,Y
LP2146,Male,Yes,2,Not Graduate,No,7310.0,2616.0,,360.0,1.0,Rural,Y
LP2147,Male,Yes,0,Graduate,No,4010.0,2269.0,240.0,360.0,,Semiurban,N
LP2148,,No,0,Not Graduate,No,4364.0,158.0,204.0,360.0,1.0,Urban,N
LP2149,Female,No,1,Graduate,No,4001.0,572.0,180.0,360.0,1.0,Rural,Y
LP2150,Male,Yes,2,Not Graduate,No,3339.0,2312.0,173.0,360.0,1.0,Rural,Y
LP2151,Female,Yes,0,Graduate,Yes,5323.0,0.0,194.0,180.0,1.0,Semiurban,Y
LP2152,Male,No,3+,Graduate,,8723.0,1668.0,440.0,360.0,1.0,Semiurban,Y
LP2153,Male,Yes,2,Graduate,No,5166.0,4223.0,334.0,180.0,1.0,Urban,Y
LP2154,Male,Yes,0,Not Graduate,No,3904.0,807.0,147.0,360.0,1.0,Semiurban,Y
LP2155,,Yes,2,Graduate,Yes,5168.0,2752.0,253.0,360.0,1.0,Semiurban,N
LP2156,Male,Yes,0,Graduate,No,6054.0,0.0,202.0,360.0,0.0,Urban,N
LP2157,Female,No,0,Graduate,Yes,4431.0,5494.0,367.0,360.0,1.0,Urban,N
LP2158,Female,No,0,Not Graduate,No,5343.0,1738.0,275.0,360.0,1.0,Urban,Y
LP2159,Male,Yes,1,Not Graduate,No,16069.0,850.0,724.0,360.0,1.0,Urban,Y
LP2160,Female,Yes,1,Graduate,No,2757.0,0.0,128.0,360.0,1.0,Semiurban,Y
LP2161,,Yes,0,Graduate,No,1854.0,542.0,110.0,360.0,0.0,Semiurban,N
LP2162,Male,Yes,1,Graduate,No,5857.0,2206.0,360.0,360.0,1.0,Semiurban,N
LP2163,Male,Yes,1,Graduate,Yes,6701.0,978.0,268.0,360.0,1.0,Semiurban,Y
LP2164,Male,Yes,1,Not Graduate,No,5221.0,1360.0,205.0,360.0,1.0,Semiurban,Y
LP2165,Female,Yes,0,Graduate,Yes,3481.0,0.0,156.0,360.0,1.0,Rural,Y
LP2166,Female,Yes,2,Graduate,No,10454.0,490.0,426.0,240.0,1.0,Semiurban,Y
LP2167,Male,Yes,0,Graduate,No,5699.0,2633.0,316.0,360.0,,Rural,N
LP2168,Male,Yes,0,Graduate,No,5982.0,342.0,286.0,360.0,1.0,Semiurban,Y
LP2169,Male,Yes,0,Graduate,No,8045.0,1234.0,382.0,360.0,1.0,Semiurban,Y
LP2170,Male,Yes,0,Graduate,No,5121.0,1898.0,307.0,360.0,1.0,Urban,N
LP2171,Female,No,2,Graduate,No,4903.0,2313.0,238.0,360.0,1.0,Semiurban,Y
LP2172,Male,Yes,0,Graduate,No,10454.0,530.0,461.0,360.0,0.0,Rural,N
LP2173,Male,Yes,1,Graduate,No,2349.0,4266.0,199.0,180.0,1.0,Rural,N
LP2174,Male,No,,Graduate,No,6540.0,1919.0,369.0,360.0,1.0,Rural,N
LP2175,Male,No,0,Graduate,No,6279.0,2334.0,335.0,360.0,1.0,Urban,Y
LP2176,Male,Yes,,Graduate,No,4588.0,1928.0,,360.0,0.0,Semiurban,N
LP2177,Male,No,2,Graduate,No,5225.0,551.0,,,1.0,Semiurban,Y
LP2178,,Yes,,Graduate,No,10039.0,746.0,408.0,360.0,1.0,Semiurban,Y
LP2179,Male,Yes,0,Graduate,No,3759.0,0.0,163.0,360.0,0.0,Urban,N
LP2180,Female,Yes,0,Graduate,Yes,7806.0,0.0,365.0,360.0,1.0,Rural,Y
LP2181,Male,No,0,Graduate,Yes,5619.0,200.0,278.0,360.0,1.0,Rural,Y
LP2182,Male,No,2,Graduate,,7433.0,2189.0,374.0,360.0,0.0,Semiurban,N
LP2183,Female,Yes,2,Graduate,No,6752.0,0.0,257.0,360.0,0.0,Urban,N
LP2184,Male,Yes,0,Graduate,No,1797.0,1834.0,144.0,360.0,,Urban,Y
LP2185,Female,Yes,3+,Graduate,No,3716.0,1546.0,233.0,240.0,1.0,Semiurban,N
LP2186,Male,Yes,1,Not Graduate,No,3992.0,1527.0,212.0,360.0,1.0,Urban,Y
LP2187,Male,Yes,0,Not Graduate,No,3465.0,661.0,,360.0,1.0,Rural,N
LP2188,Male,No,0,Graduate,No,4238.0,0.0,,360.0,1.0,Semiurban,Y
LP2189,Male,No,1,Graduate,No,5975.0,844.0,257.0,60.0,1.0,Semiurban,Y
LP2190,Male,No,1,Graduate,No,8389.0,0.0,325.0,360.0,1.0,Semiurban,Y
LP2191,Male,No,0,Graduate,No,2942.0,675.0,136.0,360.0,1.0,Urban,Y
LP2192,Male,Yes,0,Graduate,Yes,5656.0,1360.0,287.0,360.0,1.0,Rural,Y
LP2193,Male,No,0,Not Graduate,No,6384.0,448.0,262.0,360.0,1.0,Semiurban,Y
LP2194,Male,Yes,2,Graduate,No,9112.0,880.0,390.0,360.0,,Rural,Y
LP2195,Female,Yes,0,Not Graduate,No,10996.0,0.0,444.0,360.0,0.0,Semiurban,Y
LP2196,Female,Yes,0,Graduate,,5105.0,0.0,193.0,360.0,1.0,Semiurban,N
LP2197,Female,Yes,2,Graduate,No,3503.0,2173.0,252.0,120.0,1.0,Urban,Y
LP2198,Male,Yes,3+,Graduate,No,6578.0,409.0,331.0,120.0,,Semiurban,Y
LP2199,Male,Yes,3+,Graduate,No,3584.0,799.0,158.0,360.0,1.0,Rural,Y
LP2200,Male,No,0,Graduate,,6332.0,0.0,229.0,360.0,1.0,Rural,Y
LP2201,Male,Yes,0,Graduate,No,3900.0,0.0,142.0,240.0,1.0,Rural,Y
LP2202,Male,Yes,0,Graduate,No,1702.0,3249.0,179.0,240.0,1.0,Urban,N
LP2203,Male,No,0,Graduate,,7052.0,1042.0,311.0,240.0,0.0,Rural,N
LP2204,Male,Yes,3+,Graduate,No,4030.0,0.0,123.0,360.0,1.0,Rural,Y
LP2205,Male,Yes,0,Graduate,No,10533.0,913.0,444.0,360.0,,Urban,Y
LP2206,Male,Yes,0,Not Graduate,No,5629.0,0.0,237.0,360.0,,Rural,Y
LP2207,Male,Yes,0,Graduate,,2476.0,888.0,155.0,240.0,1.0,Urban,N
LP2208,Male,Yes,0,Graduate,No,8501.0,0.0,,360.0,1.0,Semiurban,Y
LP2209,Female,Yes,2,Graduate,No,5141.0,675.0,212.0,360.0,0.0,Urban,N
LP2210,Male,Yes,0,Not Graduate,No,7295.0,0.0,273.0,360.0,1.0,Rural,N
LP2211,Male,Yes,0,Graduate,No,8573.0,228.0,342.0,360.0,1.0,Urban,Y
LP2212,Male,Yes,0,Graduate,No,5767.0,2426.0,275.0,240.0,1.0,Semiurban,Y
LP2213,Male,Yes,0,Graduate,No,2847.0,0.0,93.0,360.0,1.0,Semiurban,Y
LP2214,Male,Yes,0,Not Graduate,Yes,6013.0,2036.0,281.0,360.0,1.0,Urban,Y
LP2215,Male,No,1,Not Graduate,No,9894.0,0.0,406.0,60.0,1.0,Semiurban,N
LP2216,Male,Yes,1,Graduate,No,5357.0,0.0,189.0,360.0,,Urban,Y
LP2217,Male,Yes,1,Graduate,No,6759.0,1215.0,332.0,240.0,1.0,Semiurban,Y
LP2218,Male,No,3+,Graduate,No,3775.0,4202.0,312.0,360.0,1.0,Rural,Y
LP2219,Male,Yes,3+,Graduate,No,2608.0,898.0,97.0,360.0,1.0,Rural,N
LP2220,Female,Yes,3+,Graduate,No,5192.0,1384.0,210.0,360.0,1.0,Rural,Y
LP2221,Male,Yes,0,Graduate,No,5691.0,965.0,241.0,360.0,,Urban,Y
LP2222,Male,No,0,Not Graduate,,9029.0,583.0,367.0,360.0,1.0,Urban,N
LP2223,Female,No,0,Graduate,,5858.0,5409.0,435.0,120.0,1.0,Semiurban,Y
LP2224,Male,Yes,2,Graduate,No,8713.0,0.0,347.0,360.0,1.0,Urban,Y
LP2225,Male,No,3+,Graduate,No,4554.0,0.0,195.0,360.0,1.0,Rural,Y
LP2226,Male,Yes,2,Graduate,No,2808.0,652.0,144.0,240.0,1.0,Urban,Y
LP2227,Male,Yes,0,Not Graduate,No,6932.0,2169.0,316.0,360.0,,Rural,Y
LP2228,Female,Yes,3+,Graduate,Yes,10367.0,0.0,,360.0,0.0,Urban,N
LP2229,Male,Yes,0,Graduate,No,4259.0,512.0,185.0,360.0,1.0,Rural,Y
LP2230,Female,No,0,Graduate,Yes,7394.0,0.0,307.0,360.0,1.0,Urban,Y
LP2231,Male,Yes,0,Graduate,No,7518.0,0.0,258.0,360.0,1.0,Urban,Y
LP2232,Male,Yes,0,Not Graduate,No,2622.0,1386.0,129.0,120.0,0.0,Semiurban,N
LP2233,Male,No,0,Graduate,Yes,5088.0,1594.0,252.0,360.0,1.0,Urban,Y
LP2234,Male,Yes,0,Not Graduate,No,7668.0,1087.0,326.0,360.0,1.0,Semiurban,Y
LP2235,Male,Yes,0,Graduate,No,6568.0,0.0,221.0,360.0,1.0,Semiurban,Y
LP2236,Female,Yes,1,Graduate,No,7671.0,1302.0,324.0,360.0,,Urban,Y
LP2237,Male,No,2,Graduate,No,7102.0,0.0,,360.0,1.0,Rural,Y
LP2238,Female,No,1,Not Graduate,No,5389.0,4137.0,381.0,360.0,,Semiurban,Y
LP2239,Male,Yes,0,Graduate,No,5684.0,2260.0,286.0,240.0,1.0,Semiurban,Y
LP2240,Female,No,2,Graduate,No,8919.0,2706.0,436.0,360.0,1.0,Semiurban,Y
LP2241,Male,Yes,3+,Graduate,,6008.0,1641.0,260.0,360.0,1.0,Semiurban,Y
LP2242,Male,No,0,Graduate,No,3992.0,5516.0,332.0,180.0,,Urban,Y
LP2243,Female,Yes,0,Graduate,No,5126.0,0.0,226.0,360.0,1.0,Urban,Y
LP2244,,Yes,0,Graduate,No,6748.0,0.0,242.0,360.0,1.0,Semiurban,Y
LP2245,Male,No,0,Not Graduate,No,8668.0,0.0,320.0,180.0,1.0,Semiurban,Y
LP2246,Male,Yes,1,Graduate,No,2593.0,0.0,89.0,360.0,1.0,Semiurban,Y
LP2247,Male,Yes,2,Not Graduate,No,5000.0,3593.0,266.0,360.0,1.0,Semiurban,N
LP2248,Female,Yes,0,Not Graduate,No,8377.0,0.0,346.0,360.0,1.0,Semiurban,Y
LP2249,Male,No,2,Graduate,No,3752.0,1312.0,212.0,180.0,,Urban,Y
LP2250,Male,Yes,2,Graduate,No,3761.0,3844.0,223.0,360.0,1.0,Urban,Y
LP2251,Male,Yes,3+,Graduate,No,5653.0,2533.0,329.0,120.0,1.0,Semiurban,Y
LP2252,Male,Yes,0,Graduate,No,2493.0,1980.0,186.0,360.0,1.0,Urban,N
LP2253,Male,Yes,3+,Graduate,,11617.0,1942.0,438.0,180.0,1.0,Urban,Y
LP2254,Male,Yes,0,Not Graduate,No,6710.0,0.0,235.0,360.0,1.0,Urban,Y
LP2255,Male,No,1,Graduate,No,7382.0,844.0,302.0,360.0,0.0,Rural,N
LP2256,Male,No,0,Graduate,Yes,9194.0,0.0,,360.0,1.0,Semiurban,Y
LP2257,Male,Yes,0,Graduate,No,14534.0,579.0,612.0,360.0,,Urban,Y
LP2258,Male,Yes,1,Not Graduate,Yes,5397.0,0.0,188.0,360.0,1.0,Urban,Y
LP2259,Male,Yes,0,Graduate,No,2576.0,0.0,152.0,360.0,1.0,Semiurban,N
LP2260,,Yes,0,Graduate,No,6444.0,1177.0,272.0,240.0,0.0,Semiurban,N
LP2261,Male,No,0,Graduate,No,3864.0,3737.0,242.0,360.0,1.0,Rural,Y
LP2262,Male,Yes,1,Graduate,,3175.0,823.0,117.0,60.0,1.0,Rural,Y
LP2263,Male,Yes,0,Not Graduate,No,4454.0,0.0,173.0,360.0,1.0,Semiurban,N
LP2264,Male,No,2,Not Graduate,No,5350.0,0.0,241.0,360.0,1.0,Urban,Y
LP2265,Male,Yes,0,Graduate,No,9268.0,0.0,344.0,240.0,1.0,Rural,Y
LP2266,Male,Yes,0,Graduate,Yes,11756.0,1163.0,511.0,120.0,1.0,Rural,Y
LP2267,Male,Yes,0,Graduate,No,3379.0,709.0,163.0,360.0,0.0,Semiurban,N
LP2268,Male,No,0,Graduate,No,4605.0,2652.0,263.0,360.0,1.0,Semiurban,N
LP2269,Male,No,0,Graduate,No,7234.0,1129.0,333.0,360.0,1.0,Urban,N
LP2270,Male,Yes,0,Graduate,No,7683.0,1020.0,365.0,360.0,1.0,Semiurban,Y
LP2271,Female,No,3+,Graduate,No,3567.0,1777.0,204.0,360.0,1.0,Semiurban,Y
LP2272,Male,Yes,1,Not Graduate,No,8383.0,0.0,367.0,360.0,0.0,Rural,N
LP2273,Male,Yes,0,Graduate,No,3983.0,677.0,147.0,360.0,1.0,Semiurban,N
LP2274,Male,Yes,0,Not Graduate,No,3498.0,1772.0,180.0,360.0,1.0,Rural,Y
LP2275,Male,Yes,2,Graduate,No,7096.0,0.0,251.0,360.0,1.0,Urban,Y
LP2276,Male,Yes,0,Graduate,No,9380.0,569.0,409.0,360.0,1.0,Urban,Y
LP2277,Female,Yes,0,Not Graduate,No,6443.0,0.0,294.0,240.0,1.0,Semiurban,Y
LP2278,Male,Yes,2,Graduate,No,5961.0,0.0,229.0,360.0,1.0,Urban,Y
LP2279,Male,Yes,1,Graduate,No,5398.0,2834.0,309.0,360.0,1.0,Semiurban,Y
LP2280,Male,Yes,1,Graduate,No,5810.0,0.0,188.0,180.0,1.0,Urban,Y
LP2281,Male,No,0,Graduate,Yes,5060.0,0.0,203.0,360.0,0.0,Rural,N
LP2282,Male,Yes,0,Not Graduate,No,7190.0,2630.0,316.0,360.0,1.0,Rural,Y
LP2283,Male,Yes,1,Not Graduate,No,5812.0,1770.0,287.0,360.0,1.0,Semiurban,Y
LP2284,Male,Yes,0,Graduate,No,14123.0,0.0,507.0,360.0,1.0,Urban,Y
LP2285,Male,Yes,,Graduate,No,6563.0,0.0,313.0,360.0,1.0,Semiurban,Y
LP2286,Male,No,0,Graduate,No,5064.0,1278.0,239.0,120.0,1.0,Rural,Y
LP2287,Male,Yes,0,Graduate,No,3403.0,2310.0,203.0,60.0,1.0,Semiurban,Y
LP2288,Male,Yes,3+,Graduate,No,3615.0,1307.0,241.0,360.0,1.0,Urban,Y
LP2289,Male,No,2,Graduate,No,6687.0,0.0,269.0,360.0,1.0,Urban,Y
LP2290,Male,Yes,1,Graduate,No,4344.0,0.0,125.0,360.0,1.0,Urban,Y
LP2291,Male,Yes,0,Graduate,Yes,6099.0,0.0,231.0,360.0,1.0,Urban,N
LP2292,Male,Yes,0,Graduate,No,9624.0,421.0,456.0,180.0,1.0,Rural,Y
LP2293,Male,No,0,Graduate,Yes,3072.0,579.0,113.0,,1.0,Rural,Y
LP2294,Female,Yes,0,Graduate,No,5219.0,517.0,211.0,360.0,1.0,Urban,Y
LP2295,Male,Yes,3+,Not Graduate,No,1569.0,1332.0,149.0,360.0,1.0,Urban,N
LP2296,Male,Yes,0,Not Graduate,No,2630.0,600.0,100.0,360.0,,Urban,N
LP2297,Male,Yes,0,Graduate,No,6206.0,1162.0,280.0,180.0,0.0,Rural,N
LP2298,Male,Yes,0,Graduate,No,2776.0,0.0,152.0,360.0,1.0,Semiurban,N
LP2299,Male,Yes,1,Not Graduate,Yes,3035.0,0.0,104.0,360.0,0.0,Semiurban,N
LP2300,Male,Yes,0,Not Graduate,No,11153.0,0.0,422.0,360.0,1.0,Semiurban,Y
LP2301,Female,No,0,Not Graduate,No,4139.0,0.0,110.0,360.0,1.0,Semiurban,Y
LP2302,Male,No,0,Graduate,No,3494.0,1048.0,138.0,360.0,1.0,Semiurban,Y
LP2303,Male,Yes,2,Not Graduate,No,9595.0,0.0,357.0,240.0,1.0,Urban,Y
LP2304,Male,No,0,Graduate,No,3481.0,955.0,157.0,360.0,1.0,Semiurban,Y
LP2305,Female,Yes,,Graduate,No,6514.0,0.0,271.0,360.0,1.0,Semiurban,Y
LP2306,Male,Yes,2,Not Graduate,No,6599.0,0.0,263.0,180.0,,Urban,N
LP2307,Female,Yes,0,Graduate,No,8137.0,0.0,289.0,360.0,1.0,Urban,Y
LP2308,Male,No,2,Not Graduate,No,3211.0,0.0,169.0,360.0,1.0,Urban,N
LP2309,Female,No,0,Graduate,No,3744.0,4316.0,246.0,360.0,1.0,Semiurban,Y
LP2310,Male,Yes,3+,Not Graduate,No,4163.0,2283.0,289.0,360.0,1.0,Semiurban,Y
LP2311,Female,No,0,Graduate,No,3826.0,2090.0,220.0,360.0,1.0,Rural,Y
LP2312,Male,Yes,0,Not Graduate,No,7896.0,547.0,364.0,360.0,1.0,Urban,Y
LP2313,Female,No,0,Graduate,No,6604.0,0.0,280.0,360.0,0.0,Urban,N
LP2314,Male,No,0,Graduate,No,7061.0,365.0,339.0,360.0,1.0,Urban,Y
LP2315,Male,Yes,3+,Graduate,Yes,2560.0,0.0,101.0,360.0,1.0,Semiurban,Y
LP2316,Male,No,0,Graduate,No,6135.0,2557.0,314.0,,1.0,Semiurban,Y
LP2317,Male,Yes,1,Graduate,No,10284.0,811.0,445.0,360.0,1.0,Semiurban,Y
LP2318,Male,Yes,0,Graduate,No,13291.0,0.0,523.0,120.0,1.0,Urban,Y
LP2319,Male,Yes,3+,Graduate,No,4491.0,2416.0,266.0,120.0,1.0,Semiurban,Y
LP2320,Male,Yes,0,Graduate,No,8215.0,665.0,395.0,360.0,1.0,Rural,Y
LP2321,Male,No,0,Graduate,No,3790.0,0.0,101.0,180.0,1.0,Rural,Y
LP2322,Female,No,0,Not Graduate,No,2611.0,0.0,102.0,360.0,1.0,Rural,N
LP2323,Male,Yes,1,Graduate,No,2694.0,0.0,174.0,180.0,1.0,Rural,N
LP2324,Female,No,0,Graduate,No,9660.0,1661.0,425.0,360.0,1.0,Rural,Y
LP2325,Male,No,0,Graduate,Yes,4648.0,0.0,216.0,360.0,1.0,Urban,Y
LP2326,Male,Yes,0,Graduate,No,4227.0,716.0,217.0,240.0,1.0,Urban,N
LP2327,Male,No,1,Graduate,No,7771.0,2650.0,347.0,240.0,1.0,Urban,Y
LP2328,Male,Yes,0,Graduate,No,2980.0,357.0,139.0,360.0,1.0,Semiurban,Y
LP2329,Male,No,1,Not Graduate,No,6919.0,0.0,283.0,240.0,0.0,Rural,N
LP2330,Male,Yes,0,Graduate,No,5057.0,373.0,309.0,360.0,0.0,Urban,N
LP2331,Male,Yes,2,Graduate,No,12710.0,0.0,430.0,360.0,,Semiurban,Y
LP2332,Male,Yes,3+,Graduate,No,4587.0,1792.0,189.0,360.0,0.0,Semiurban,N
LP2333,Female,Yes,0,Graduate,No,5236.0,1480.0,247.0,360.0,1.0,Rural,Y
LP2334,Female,Yes,0,Graduate,No,2674.0,1573.0,143.0,180.0,1.0,Semiurban,Y
LP2335,Male,Yes,0,Not Graduate,No,13605.0,1474.0,562.0,60.0,1.0,Rural,Y
LP2336,Male,Yes,,Graduate,No,4735.0,1124.0,199.0,360.0,,Urban,Y
LP2337,Male,No,0,Graduate,No,11389.0,0.0,476.0,360.0,1.0,Urban,Y
LP2338,Male,Yes,1,Graduate,No,2277.0,347.0,76.0,360.0,1.0,Semiurban,N
LP2339,Male,Yes,0,Not Graduate,No,6346.0,0.0,238.0,360.0,0.0,Semiurban,N
LP2340,Male,Yes,3+,Graduate,No,12941.0,0.0,548.0,360.0,1.0,Urban,Y
LP2341,Male,Yes,0,Graduate,Yes,4145.0,0.0,191.0,360.0,1.0,Semiurban,N
LP2342,,No,1,Graduate,No,6154.0,3243.0,329.0,360.0,1.0,Semiurban,Y
LP2343,Male,No,0,Graduate,No,9807.0,1154.0,383.0,240.0,1.0,Semiurban,Y
LP2344,Male,Yes,0,Not Graduate,No,4766.0,881.0,243.0,360.0,1.0,Urban,Y
LP2345,Male,Yes,0,Graduate,No,2629.0,403.0,89.0,360.0,1.0,Semiurban,Y
LP2346,Male,No,0,Graduate,No,4439.0,801.0,240.0,180.0,0.0,Urban,N
LP2347,Male,Yes,0,Not Graduate,No,6385.0,2439.0,341.0,360.0,0.0,Urban,N
LP2348,Female,No,1,Graduate,No,6352.0,0.0,248.0,360.0,1.0,Semiurban,Y
LP2349,Male,Yes,3+,Graduate,No,7580.0,2472.0,391.0,360.0,0.0,Urban,N
LP2350,Female,No,0,Graduate,,3710.0,1009.0,120.0,360.0,1.0,Urban,N
LP2351,Male,Yes,0,Graduate,No,12475.0,557.0,560.0,180.0,1.0,Semiurban,Y
LP2352,Male,Yes,0,Graduate,No,3771.0,0.0,145.0,360.0,1.0,Urban,Y
LP2353,Male,No,0,Not Graduate,No,5809.0,0.0,237.0,180.0,1.0,Rural,Y
LP2354,Male,Yes,0,Graduate,Yes,6491.0,1571.0,289.0,360.0,1.0,Semiurban,Y
LP2355,Female,Yes,2,Graduate,No,6210.0,0.0,,360.0,1.0,Rural,Y
LP2356,Female,Yes,3+,Not Graduate,Yes,3222.0,1050.0,208.0,360.0,1.0,Urban,Y
LP2357,Male,Yes,3+,Graduate,No,9913.0,0.0,388.0,240.0,1.0,Semiurban,Y
LP2358,Male,Yes,0,Graduate,No,4339.0,0.0,161.0,360.0,,Urban,N
LP2359,Male,Yes,2,Graduate,No,6751.0,0.0,291.0,360.0,1.0,Rural,N
LP2360,Female,Yes,1,Not Graduate,No,6127.0,469.0,268.0,360.0,,Urban,Y
LP2361,Male,Yes,0,Not Graduate,No,6116.0,1062.0,323.0,360.0,1.0,Urban,Y
LP2362,Male,No,0,Not Graduate,No,2515.0,0.0,40.0,360.0,1.0,Rural,Y
LP2363,Male,Yes,2,Not Graduate,No,4166.0,0.0,153.0,360.0,1.0,Urban,Y
LP2364,Male,Yes,0,Graduate,No,6721.0,3800.0,340.0,180.0,1.0,Urban,Y
LP2365,Male,No,0,Graduate,No,2586.0,0.0,140.0,120.0,1.0,Semiurban,Y
LP2366,Male,Yes,0,Not Graduate,,5047.0,746.0,185.0,360.0,1.0,Semiurban,Y
LP2367,Female,Yes,1,Graduate,No,5881.0,0.0,245.0,360.0,1.0,Urban,Y
LP2368,Male,Yes,0,Graduate,No,7413.0,804.0,281.0,360.0,1.0,Semiurban,Y
LP2369,Male,Yes,3+,Graduate,No,5825.0,1179.0,253.0,360.0,1.0,Urban,Y
LP2370,Female,Yes,1,Graduate,No,5124.0,269.0,183.0,360.0,1.0,Semiurban,Y
LP2371,Male,Yes,1,Not Graduate,No,6259.0,584.0,268.0,360.0,1.0,Semiurban,Y
LP2372,Female,,0,Graduate,Yes,4979.0,0.0,260.0,180.0,1.0,Semiurban,Y
LP2373,Male,Yes,1,Graduate,No,3646.0,0.0,103.0,360.0,0.0,Semiurban,N
LP2374,Male,Yes,0,Not Graduate,No,4417.0,857.0,168.0,360.0,1.0,Urban,Y
LP2375,Female,Yes,0,Graduate,No,6683.0,301.0,294.0,120.0,1.0,Urban,Y
LP2376,Male,Yes,0,Graduate,No,5145.0,0.0,201.0,60.0,1.0,Urban,Y
LP2377,Male,No,0,Graduate,No,15393.0,1384.0,619.0,360.0,0.0,Semiurban,N
LP2378,Male,Yes,1,Not Graduate,No,3152.0,583.0,129.0,360.0,1.0,Semiurban,Y
LP2379,Male,Yes,0,Graduate,No,6589.0,2183.0,284.0,360.0,1.0,Rural,Y
LP2380,Male,Yes,0,Not Graduate,Yes,7062.0,0.0,268.0,360.0,1.0,Urban,Y
LP2381,Male,Yes,0,Graduate,No,5761.0,1497.0,246.0,120.0,1.0,Semiurban,Y
LP2382,Female,Yes,3+,Graduate,No,4829.0,0.0,202.0,180.0,1.0,Semiurban,N
LP2383,Male,Yes,1,Not Graduate,No,5543.0,2102.0,304.0,180.0,1.0,Semiurban,N
LP2384,Male,No,1,Not Graduate,No,5560.0,0.0,143.0,360.0,1.0,Rural,Y
LP2385,Male,Yes,0,Graduate,No,10791.0,2108.0,498.0,360.0,1.0,Urban,Y
LP2386,Male,No,0,Graduate,No,2170.0,0.0,18.0,360.0,1.0,Urban,Y
LP2387,Male,Yes,3+,Not Graduate,No,3604.0,0.0,,360.0,1.0,Semiurban,N
LP2388,Female,Yes,0,Not Graduate,No,6278.0,0.0,299.0,360.0,1.0,Urban,N
LP2389,Male,Yes,0,Not Graduate,No,8791.0,0.0,341.0,360.0,1.0,Urban,N
LP2390,Male,Yes,1,Not Graduate,Yes,3714.0,439.0,169.0,360.0,0.0,Urban,N
LP2391,Male,Yes,0,Graduate,No,3257.0,0.0,152.0,360.0,1.0,Urban,Y
LP2392,Male,Yes,2,Graduate,No,5239.0,2870.0,319.0,360.0,0.0,Semiurban,N
LP2393,Male,Yes,0,Graduate,No,3616.0,3473.0,274.0,360.0,1.0,Urban,Y
LP2394,Male,No,0,Graduate,Yes,5257.0,732.0,245.0,360.0,1.0,Semiurban,Y
LP2395,Female,No,0,Graduate,No,3651.0,0.0,123.0,360.0,1.0,Semiurban,Y
LP2396,Male,Yes,0,Graduate,No,7466.0,362.0,329.0,360.0,1.0,Semiurban,Y
LP2397,Male,Yes,,Graduate,No,3700.0,0.0,193.0,240.0,1.0,Rural,N
LP2398,Male,Yes,1,Graduate,,2377.0,2493.0,184.0,360.0,1.0,Urban,Y
LP2399,Male,Yes,0,Graduate,Yes,7478.0,0.0,305.0,180.0,1.0,Rural,Y
LP2400,Male,Yes,0,Graduate,No,5596.0,3122.0,267.0,120.0,1.0,Semiurban,Y
LP2401,Male,Yes,1,Graduate,No,4588.0,0.0,152.0,360.0,1.0,Rural,N
LP2402,Male,Yes,1,Graduate,No,4649.0,3081.0,257.0,360.0,0.0,Semiurban,N
LP2403,Male,Yes,0,Graduate,No,5887.0,0.0,203.0,360.0,0.0,Semiurban,N
LP2404,Male,No,0,Not Graduate,No,3262.0,0.0,126.0,360.0,1.0,Rural,N
LP2405,Male,No,,Graduate,No,2777.0,1362.0,124.0,360.0,1.0,Rural,Y
LP2406,Female,No,1,Graduate,No,3696.0,510.0,189.0,180.0,1.0,Urban,Y
LP2407,Female,Yes,3+,Graduate,No,4837.0,1484.0,226.0,360.0,1.0,Urban,Y
LP2408,Male,Yes,0,Graduate,,3554.0,0.0,109.0,60.0,1.0,Semiurban,Y
LP2409,,Yes,1,Graduate,No,10763.0,361.0,414.0,180.0,1.0,Rural,Y
LP2410,Male,Yes,0,Not Graduate,,3696.0,2039.0,211.0,360.0,1.0,Urban,Y
LP2411,Male,Yes,0,Not Graduate,No,5695.0,0.0,219.0,360.0,1.0,Semiurban,Y
LP2412,Male,No,0,Graduate,,6872.0,0.0,276.0,360.0,1.0,Semiurban,Y
LP2413,Male,Yes,2,Graduate,No,9289.0,949.0,393.0,360.0,1.0,Rural,Y
LP2414,Male,Yes,0,Not Graduate,No,11520.0,1689.0,563.0,360.0,1.0,Semiurban,Y
LP2415,Female,Yes,,Not Graduate,No,13511.0,893.0,593.0,180.0,0.0,Semiurban,Y
LP2416,Male,Yes,0,Graduate,Yes,9087.0,187.0,343.0,360.0,1.0,Rural,Y
LP2417,Male,Yes,0,Graduate,No,8464.0,0.0,280.0,360.0,1.0,Semiurban,Y
LP2418,Male,Yes,0,Graduate,No,3367.0,1289.0,163.0,180.0,0.0,Semiurban,N
LP2419,Female,Yes,1,Graduate,No,7052.0,851.0,273.0,360.0,1.0,Urban,N
LP2420,Male,Yes,0,Graduate,No,4960.0,969.0,176.0,360.0,1.0,Semiurban,Y
LP2421,Male,No,1,Graduate,No,4984.0,563.0,235.0,360.0,1.0,Urban,N
LP2422,Male,Yes,0,Graduate,No,4601.0,569.0,201.0,360.0,1.0,Urban,Y
LP2423,Male,No,0,Graduate,No,3330.0,0.0,167.0,,1.0,Semiurban,N
LP2424,Female,Yes,0,Not Graduate,No,4260.0,0.0,168.0,120.0,1.0,Semiurban,Y
LP2425,Female,Yes,0,Not Graduate,No,3603.0,0.0,138.0,360.0,0.0,Semiurban,N
LP2426,Male,Yes,0,Graduate,No,2170.0,942.0,77.0,360.0,1.0,Urban,Y
LP2427,Female,Yes,0,Not Graduate,No,9923.0,0.0,378.0,360.0,,Semiurban,Y
LP2428,Male,Yes,1,Graduate,No,5642.0,465.0,186.0,,,Semiurban,Y
LP2429,Female,No,1,Not Graduate,No,5747.0,0.0,261.0,360.0,1.0,Semiurban,Y
LP2430,Male,No,0,Graduate,Yes,5408.0,0.0,177.0,360.0,,Urban,Y
LP2431,,Yes,0,Graduate,No,8768.0,952.0,386.0,360.0,,Semiurban,N
LP2432,Male,Yes,,Graduate,No,5987.0,381.0,244.0,120.0,1.0,Rural,Y
LP2433,Male,No,0,Graduate,No,10066.0,0.0,414.0,360.0,1.0,Urban,Y
LP2434,Male,Yes,0,Not Graduate,No,7368.0,1774.0,349.0,360.0,0.0,Urban,N
LP2435,Male,Yes,2,Graduate,No,3918.0,182.0,122.0,180.0,1.0,Semiurban,Y
LP2436,Male,Yes,0,Graduate,No,9386.0,0.0,365.0,360.0,1.0,Semiurban,Y
LP2437,Male,No,0,Graduate,No,6471.0,0.0,297.0,360.0,1.0,Semiurban,N
LP2438,Male,No,0,Graduate,No,5352.0,1603.0,237.0,360.0,1.0,Semiurban,Y
LP2439,Male,Yes,0,Graduate,No,8316.0,0.0,367.0,120.0,1.0,Semiurban,Y
LP2440,Female,No,1,Graduate,No,5670.0,820.0,271.0,360.0,1.0,Semiurban,Y
LP2441,Male,No,0,Graduate,No,7653.0,732.0,332.0,360.0,1.0,Urban,Y
LP2442,Male,Yes,0,Not Graduate,No,3080.0,0.0,101.0,360.0,1.0,Urban,Y
LP2443,Male,Yes,1,Not Graduate,No,5728.0,0.0,237.0,180.0,1.0,Semiurban,Y
LP2444,Female,Yes,0,Graduate,No,4044.0,0.0,146.0,360.0,0.0,Urban,N
LP2445,Male,No,1,Graduate,No,13295.0,1124.0,599.0,360.0,1.0,Rural,Y
LP2446,Male,Yes,1,Graduate,No,9756.0,491.0,366.0,360.0,1.0,Rural,Y
LP2447,Female,No,0,Graduate,No,6150.0,268.0,263.0,360.0,1.0,Rural,N
LP2448,Female,Yes,1,Graduate,No,9355.0,0.0,375.0,180.0,,Rural,Y
LP2449,Male,No,0,Not Graduate,No,4078.0,0.0,173.0,360.0,1.0,Semiurban,Y
LP2450,Male,Yes,0,Graduate,No,4508.0,0.0,202.0,360.0,1.0,Rural,Y
LP2451,Male,Yes,0,Not Graduate,No,1950.0,0.0,51.0,180.0,1.0,Urban,N
LP2452,Female,No,0,Not Graduate,No,7478.0,328.0,282.0,240.0,1.0,Urban,Y
LP2453,Male,No,,Not Graduate,,1839.0,1200.0,116.0,360.0,1.0,Rural,N
LP2454,Male,No,2,Not Graduate,No,4294.0,1433.0,244.0,360.0,1.0,Urban,Y
LP2455,Female,Yes,3+,Graduate,No,3033.0,794.0,138.0,360.0,1.0,Rural,N
LP2456,Male,No,1,Graduate,Yes,8672.0,0.0,390.0,120.0,1.0,Semiurban,Y
LP2457,Male,Yes,0,Graduate,Yes,12704.0,0.0,499.0,240.0,1.0,Semiurban,Y
LP2458,Male,Yes,0,Graduate,No,8011.0,0.0,299.0,360.0,1.0,Urban,Y
LP2459,,Yes,0,Graduate,No,7389.0,0.0,309.0,120.0,1.0,Semiurban,Y
LP2460,Male,Yes,,Graduate,No,6181.0,514.0,246.0,180.0,1.0,Urban,Y
LP2461,,Yes,0,Graduate,No,5939.0,0.0,,240.0,1.0,Rural,Y
LP2462,Male,No,3+,Not Graduate,No,3738.0,127.0,161.0,360.0,1.0,Urban,N
LP2463,Male,Yes,0,Not Graduate,No,2538.0,1483.0,174.0,240.0,0.0,Semiurban,N
LP2464,Female,No,0,Graduate,No,5882.0,0.0,244.0,240.0,1.0,Urban,Y
LP2465,Male,Yes,0,Graduate,No,6508.0,1131.0,297.0,360.0,1.0,Urban,Y
LP2466,Female,Yes,2,Graduate,No,6490.0,714.0,339.0,120.0,1.0,Semiurban,N
LP2467,Male,Yes,1,Graduate,No,6912.0,0.0,297.0,360.0,1.0,Urban,Y
LP2468,Female,No,1,Not Graduate,No,7729.0,2397.0,371.0,360.0,1.0,Semiurban,Y
LP2469,Male,No,0,Graduate,No,5768.0,0.0,264.0,180.0,1.0,Urban,N
LP2470,Male,No,2,Graduate,No,3563.0,540.0,152.0,360.0,1.0,Urban,Y
LP2471,Male,No,0,Not Graduate,No,6808.0,0.0,290.0,240.0,0.0,Semiurban,N
LP2472,Female,,2,Not Graduate,No,7514.0,0.0,317.0,360.0,1.0,Urban,Y
LP2473,Male,Yes,,Graduate,No,4875.0,5580.0,362.0,360.0,0.0,Urban,N
LP2474,Male,No,0,Graduate,No,7526.0,322.0,289.0,360.0,0.0,Rural,N
LP2475,Male,Yes,0,Graduate,Yes,5911.0,0.0,236.0,360.0,1.0,Urban,Y
LP2476,Female,Yes,1,Graduate,Yes,3314.0,0.0,118.0,360.0,1.0,Urban,N
LP2477,Male,Yes,0,Graduate,No,14649.0,1665.0,644.0,360.0,1.0,Urban,Y
LP2478,Male,Yes,2,Graduate,No,4762.0,0.0,203.0,360.0,1.0,Semiurban,Y
LP2479,Male,Yes,0,Graduate,No,3436.0,2162.0,143.0,360.0,1.0,Semiurban,Y
LP2480,Female,Yes,0,Graduate,No,4023.0,282.0,180.0,180.0,1.0,Urban,Y
LP2481,Male,Yes,0,Graduate,Yes,1580.0,1685.0,202.0,360.0,0.0,Rural,N
LP2482,Male,Yes,0,Graduate,No,4944.0,950.0,217.0,360.0,1.0,Urban,Y
LP2483,Male,Yes,0,Graduate,Yes,9980.0,600.0,447.0,360.0,1.0,Semiurban,Y
LP2484,Male,Yes,0,Graduate,No,6138.0,462.0,282.0,360.0,1.0,Semiurban,Y
LP2485,Male,No,1,Not Graduate,No,3841.0,717.0,126.0,240.0,0.0,Semiurban,N
LP2486,Male,Yes,,Graduate,No,5488.0,0.0,234.0,360.0,0.0,Rural,N
LP2487,Male,Yes,3+,Not Graduate,No,1956.0,1260.0,91.0,360.0,1.0,Semiurban,Y
LP2488,Male,No,1,Graduate,No,5510.0,1387.0,,360.0,1.0,Rural,Y
LP2489,Male,Yes,2,Graduate,No,4821.0,1082.0,182.0,360.0,1.0,Urban,N
LP2490,Male,Yes,0,Graduate,No,8430.0,923.0,378.0,360.0,0.0,Urban,N
LP2491,Male,No,0,Graduate,No,6543.0,0.0,251.0,180.0,1.0,Urban,Y
LP2492,Male,Yes,0,Graduate,No,3515.0,2063.0,243.0,360.0,1.0,Semiurban,Y
LP2493,Male,No,1,Graduate,No,8324.0,794.0,316.0,360.0,1.0,Urban,Y
LP2494,Male,No,2,Graduate,No,9557.0,0.0,410.0,360.0,1.0,Urban,Y
LP2495,Male,Yes,0,Graduate,No,6637.0,0.0,278.0,240.0,1.0,Semiurban,Y
LP2496,Male,Yes,0,Graduate,No,5051.0,0.0,176.0,120.0,0.0,Urban,N
LP2497,Male,Yes,2,Graduate,Yes,4359.0,361.0,139.0,360.0,0.0,Urban,N
LP2498,Male,Yes,0,Graduate,No,10985.0,1339.0,471.0,360.0,0.0,Urban,N
LP2499,Female,Yes,1,Graduate,No,6404.0,4509.0,399.0,360.0,1.0,Rural,Y
LP2500,Male,Yes,0,Graduate,No,5849.0,1400.0,244.0,360.0,1.0,Urban,N
LP2501,Male,Yes,2,Graduate,No,3149.0,1396.0,139.0,360.0,0.0,Semiurban,N
LP2502,Male,Yes,0,Graduate,No,3683.0,1082.0,209.0,180.0,,Semiurban,Y
LP2503,Male,Yes,0,Graduate,Yes,2729.0,0.0,86.0,120.0,0.0,Semiurban,N
LP2504,Male,Yes,1,Not Graduate,Yes,5018.0,0.0,218.0,120.0,1.0,Urban,N
LP2505,Male,Yes,3+,Graduate,No,4314.0,1511.0,254.0,360.0,0.0,Urban,N
LP2506,Male,No,0,Graduate,No,5977.0,0.0,215.0,120.0,1.0,Semiurban,Y
LP2507,Male,Yes,0,Graduate,No,9013.0,0.0,323.0,360.0,1.0,Urban,Y
LP2508,Male,Yes,1,Graduate,No,7545.0,0.0,328.0,360.0,1.0,Urban,Y
LP2509,Male,No,3+,Graduate,No,8208.0,0.0,319.0,360.0,1.0,Urban,Y
LP2510,Female,Yes,2,Graduate,No,8913.0,3051.0,435.0,360.0,1.0,Rural,Y
LP2511,Male,Yes,3+,Graduate,No,3827.0,4.0,196.0,120.0,1.0,Semiurban,N
LP2512,Female,Yes,0,Graduate,No,4646.0,2920.0,265.0,360.0,1.0,Semiurban,Y
LP2513,Male,Yes,0,Graduate,No,4349.0,540.0,198.0,360.0,1.0,Semiurban,Y
LP2514,Male,Yes,1,Graduate,Yes,7719.0,574.0,278.0,360.0,1.0,Rural,Y
LP2515,Male,Yes,2,Graduate,No,3098.0,522.0,137.0,120.0,0.0,Semiurban,N
LP2516,Male,Yes,0,Graduate,No,10192.0,0.0,381.0,60.0,1.0,Semiurban,Y
LP2517,Female,No,0,Graduate,No,4564.0,1386.0,209.0,360.0,0.0,Rural,N
LP2518,Male,Yes,2,Graduate,No,3205.0,0.0,,360.0,1.0,Semiurban,N
LP2519,Female,Yes,0,Graduate,No,4654.0,1266.0,263.0,240.0,1.0,Urban,Y
LP2520,Male,No,0,Graduate,No,4799.0,542.0,188.0,360.0,,Urban,Y
LP2521,Female,Yes,0,Graduate,No,5117.0,0.0,189.0,60.0,1.0,Rural,Y
LP2522,Male,No,1,Not Graduate,Yes,5223.0,0.0,255.0,240.0,1.0,Rural,N
LP2523,Male,Yes,1,Graduate,No,8877.0,0.0,344.0,360.0,0.0,Semiurban,Y
LP2524,Male,No,0,Graduate,No,6455.0,0.0,240.0,180.0,1.0,Semiurban,Y
LP2525,Male,Yes,1,Graduate,No,3185.0,1354.0,201.0,360.0,1.0,Semiurban,Y
LP2526,Male,No,1,Graduate,No,4754.0,4383.0,322.0,180.0,0.0,Semiurban,N
LP2527,Male,No,0,Graduate,No,4288.0,194.0,180.0,360.0,1.0,Semiurban,N
LP2528,Female,Yes,1,Not Graduate,No,5738.0,213.0,245.0,120.0,1.0,Urban,Y
LP2529,Male,Yes,0,Graduate,Yes,5375.0,0.0,255.0,120.0,1.0,Rural,N
LP2530,Male,Yes,0,Graduate,No,11588.0,0.0,433.0,360.0,1.0,Semiurban,Y
LP2531,Male,Yes,0,Graduate,No,8192.0,811.0,386.0,360.0,1.0,Semiurban,Y
LP2532,Male,Yes,0,Not Graduate,No,7224.0,1018.0,275.0,360.0,1.0,Urban,Y
LP2533,Male,Yes,0,Graduate,No,1868.0,228.0,57.0,240.0,1.0,Urban,Y
LP2534,Male,Yes,2,Graduate,No,8048.0,0.0,295.0,180.0,1.0,Semiurban,Y
LP2535,Male,Yes,1,Graduate,No,2229.0,244.0,92.0,120.0,1.0,Semiurban,Y
LP2536,Male,Yes,2,Graduate,No,4475.0,924.0,184.0,360.0,1.0,Semiurban,Y
LP2537,Male,Yes,,Graduate,No,4743.0,125.0,232.0,360.0,0.0,Semiurban,N
LP2538,Male,Yes,0,Graduate,,8726.0,2448.0,438.0,360.0,1.0,Semiurban,Y
LP2539,Male,Yes,0,Graduate,No,3451.0,222.0,144.0,360.0,0.0,Rural,N
LP2540,Male,Yes,0,Graduate,,5123.0,0.0,179.0,360.0,0.0,Urban,N
LP2541,Male,Yes,0,Graduate,No,2841.0,731.0,178.0,120.0,1.0,Semiurban,N
LP2542,Male,Yes,1,Graduate,Yes,6974.0,0.0,282.0,360.0,0.0,Semiurban,N
LP2543,Male,Yes,3+,Graduate,No,4496.0,1413.0,215.0,240.0,1.0,Semiurban,Y
LP2544,Female,Yes,0,Not Graduate,No,6013.0,4217.0,363.0,360.0,0.0,Semiurban,N
LP2545,Male,No,0,Graduate,No,1270.0,321.0,54.0,360.0,1.0,Semiurban,Y
LP2546,Female,Yes,2,Not Graduate,No,3261.0,0.0,156.0,360.0,1.0,Rural,N
LP2547,Male,Yes,0,Not Graduate,No,6096.0,0.0,278.0,360.0,1.0,Urban,Y
LP2548,Male,No,,Graduate,No,7416.0,4113.0,392.0,240.0,1.0,Semiurban,Y
LP2549,Male,No,1,Graduate,Yes,10251.0,0.0,390.0,360.0,1.0,Urban,Y
LP2550,Female,No,3+,Graduate,No,9587.0,389.0,377.0,360.0,,Urban,Y
LP2551,Male,Yes,0,Graduate,No,4194.0,0.0,177.0,180.0,1.0,Semiurban,Y
LP2552,Female,Yes,1,Graduate,No,5968.0,262.0,277.0,60.0,1.0,Urban,Y
LP2553,Female,No,0,Graduate,No,7782.0,0.0,270.0,360.0,,Rural,Y
LP2554,Male,Yes,1,Graduate,,6400.0,1157.0,259.0,360.0,1.0,Rural,Y
LP2555,Male,Yes,0,Graduate,No,4764.0,1611.0,229.0,360.0,1.0,Urban,Y
LP2556,Male,No,0,Graduate,No,6086.0,4102.0,383.0,360.0,1.0,Semiurban,Y
LP2557,Male,No,0,Not Graduate,No,9916.0,0.0,368.0,360.0,0.0,Semiurban,N
LP2558,Female,No,0,Graduate,Yes,5485.0,394.0,220.0,240.0,0.0,Rural,N
LP2559,Female,No,2,Not Graduate,No,7038.0,1166.0,295.0,360.0,1.0,Semiurban,Y
LP2560,Male,No,1,Graduate,Yes,6266.0,0.0,273.0,360.0,0.0,Urban,N
LP2561,Male,Yes,1,Not Graduate,No,4087.0,1517.0,206.0,360.0,0.0,Rural,N
LP2562,Male,No,0,Graduate,No,8703.0,906.0,353.0,240.0,1.0,Semiurban,Y
LP2563,Male,Yes,1,Graduate,,5557.0,0.0,187.0,360.0,1.0,Semiurban,Y
LP2564,Female,Yes,0,Graduate,No,4739.0,1197.0,214.0,360.0,,Rural,Y
LP2565,Male,No,2,Graduate,No,6234.0,378.0,253.0,360.0,1.0,Rural,Y
LP2566,Male,Yes,3+,Not Graduate,No,9147.0,0.0,391.0,360.0,1.0,Semiurban,N
LP2567,Male,Yes,0,Graduate,No,6058.0,0.0,273.0,360.0,1.0,Semiurban,Y
LP2568,Male,Yes,2,Not Graduate,No,6008.0,3480.0,309.0,360.0,0.0,Rural,N
LP2569,Male,No,0,Graduate,No,6939.0,767.0,330.0,360.0,1.0,Urban,Y
LP2570,Male,Yes,0,Graduate,No,7668.0,4704.0,469.0,360.0,1.0,Urban,Y
LP2571,Male,No,0,Not Graduate,Yes,4975.0,1630.0,232.0,360.0,1.0,Urban,Y
LP2572,Male,Yes,0,Graduate,No,5263.0,0.0,233.0,120.0,1.0,Rural,Y
LP2573,Female,No,1,Graduate,No,4806.0,0.0,168.0,360.0,1.0,Semiurban,Y
LP2574,Male,No,0,Not Graduate,No,6912.0,1235.0,326.0,240.0,0.0,Urban,N
LP2575,Male,Yes,0,Not Graduate,No,5555.0,863.0,321.0,360.0,0.0,Rural,N
LP2576,Male,Yes,1,Not Graduate,No,5682.0,0.0,234.0,180.0,1.0,Semiurban,Y
LP2577,Male,Yes,1,Not Graduate,,5766.0,1487.0,265.0,360.0,1.0,Rural,Y
LP2578,Male,No,3+,Graduate,No,3037.0,187.0,88.0,360.0,,Urban,N
LP2579,Male,Yes,1,Not Graduate,No,7380.0,587.0,315.0,180.0,0.0,Semiurban,N
LP2580,Male,No,1,Graduate,No,4902.0,0.0,,180.0,1.0,Semiurban,N
LP2581,Male,Yes,0,Not Graduate,Yes,5584.0,0.0,,60.0,1.0,Semiurban,Y
LP2582,Male,No,0,Graduate,No,4514.0,1688.0,247.0,180.0,1.0,Semiurban,N
LP2583,Male,No,0,Graduate,No,3447.0,1348.0,170.0,360.0,1.0,Rural,Y
LP2584,Female,,0,Graduate,No,6036.0,0.0,229.0,360.0,1.0,Urban,Y
LP2585,Male,No,1,Graduate,Yes,6733.0,891.0,311.0,360.0,0.0,Rural,N
LP2586,Male,Yes,0,Graduate,No,14537.0,0.0,525.0,360.0,0.0,Urban,Y
LP2587,Male,Yes,1,Not Graduate,No,4340.0,0.0,168.0,180.0,0.0,Urban,N
LP2588,Male,No,0,Not Graduate,Yes,7907.0,0.0,346.0,360.0,1.0,Urban,Y
LP2589,Male,No,0,Graduate,No,4857.0,0.0,189.0,120.0,1.0,Urban,Y
LP2590,Male,Yes,0,Graduate,No,8211.0,1552.0,375.0,360.0,0.0,Urban,N
LP2591,Female,Yes,2,Graduate,No,7200.0,3153.0,,360.0,1.0,Rural,Y
LP2592,Male,Yes,1,Graduate,No,4370.0,0.0,232.0,360.0,1.0,Semiurban,Y
LP2593,Male,Yes,2,Graduate,No,3310.0,2749.0,226.0,360.0,1.0,Semiurban,Y
LP2594,Male,Yes,0,Not Graduate,No,2826.0,957.0,103.0,180.0,1.0,Semiurban,Y
LP2595,Male,Yes,3+,Graduate,No,8566.0,0.0,317.0,60.0,1.0,Urban,Y
LP2596,Male,No,0,Graduate,No,3726.0,1981.0,211.0,360.0,,Urban,N
LP2597,Male,Yes,0,Graduate,No,2598.0,488.0,156.0,180.0,0.0,Semiurban,N
LP2598,Male,Yes,3+,Graduate,Yes,8484.0,1044.0,391.0,360.0,1.0,Semiurban,Y
LP2599,Female,Yes,0,Graduate,No,5710.0,2948.0,347.0,120.0,1.0,Rural,Y
LP2600,Male,Yes,1,Graduate,No,5008.0,0.0,166.0,360.0,1.0,Semiurban,Y
LP2601,Male,No,0,Graduate,No,7660.0,0.0,325.0,360.0,1.0,Semiurban,Y
LP2602,Male,No,1,Graduate,No,4869.0,1886.0,229.0,360.0,0.0,Semiurban,N
LP2603,Male,Yes,3+,Not Graduate,No,7349.0,876.0,317.0,360.0,,Rural,Y
LP2604,Male,No,0,Graduate,Yes,4372.0,0.0,200.0,360.0,1.0,Urban,Y
LP2605,Male,No,,Graduate,No,9852.0,0.0,377.0,360.0,1.0,Semiurban,Y
LP2606,Male,No,0,Graduate,No,4069.0,488.0,,360.0,1.0,Semiurban,Y
LP2607,Female,Yes,1,Not Graduate,No,7395.0,0.0,285.0,360.0,1.0,Rural,N
LP2608,Male,No,0,Graduate,No,9065.0,0.0,366.0,360.0,1.0,Urban,Y
LP2609,Male,Yes,0,Not Graduate,No,1062.0,0.0,63.0,360.0,1.0,Semiurban,N
LP2610,Female,Yes,0,Graduate,No,7080.0,2604.0,335.0,240.0,1.0,Urban,Y
LP2611,Male,Yes,0,Graduate,No,4104.0,0.0,148.0,360.0,1.0,Semiurban,Y
LP2612,Male,Yes,3+,Graduate,No,7640.0,1577.0,359.0,360.0,0.0,Urban,N
LP2613,Male,Yes,,Graduate,Yes,6273.0,0.0,267.0,360.0,1.0,Urban,Y
LP2614,Male,Yes,0,Graduate,No,6978.0,597.0,303.0,360.0,1.0,Semiurban,Y
LP2615,Male,Yes,0,Graduate,No,5525.0,1784.0,270.0,360.0,1.0,Urban,Y
LP2616,Female,No,0,Not Graduate,Yes,9325.0,2323.0,421.0,360.0,1.0,Urban,Y
LP2617,Male,No,1,Not Graduate,No,2886.0,681.0,162.0,360.0,0.0,Urban,N
LP2618,Male,Yes,3+,Graduate,Yes,8888.0,3316.0,491.0,360.0,1.0,Urban,Y
LP2619,Male,No,0,Graduate,Yes,4403.0,0.0,,360.0,1.0,Rural,N
LP2620,Male,No,2,Graduate,No,2164.0,0.0,72.0,120.0,0.0,Semiurban,N
LP2621,Male,No,1,Graduate,No,5809.0,0.0,253.0,60.0,1.0,Rural,Y
LP2622,Male,Yes,0,Graduate,No,4174.0,0.0,172.0,360.0,1.0,Semiurban,Y
LP2623,Female,No,1,Not Graduate,No,6863.0,984.0,321.0,360.0,0.0,Rural,N
LP2624,Male,No,0,Not Graduate,No,7154.0,1023.0,325.0,240.0,0.0,Semiurban,N
LP2625,Male,No,1,Graduate,No,5298.0,3201.0,319.0,,1.0,Semiurban,Y
LP2626,Male,Yes,2,Not Graduate,No,7002.0,3374.0,369.0,240.0,1.0,Semiurban,Y
LP2627,,Yes,0,Graduate,Yes,6440.0,2567.0,275.0,360.0,1.0,Semiurban,Y
LP2628,Male,Yes,3+,Graduate,No,5763.0,0.0,236.0,360.0,1.0,Semiurban,Y
LP2629,Male,Yes,2,Graduate,No,5222.0,4626.0,368.0,360.0,0.0,Urban,N
LP2630,Male,Yes,0,Graduate,No,4535.0,1438.0,233.0,240.0,1.0,Urban,Y
LP2631,Male,Yes,1,Graduate,Yes,11637.0,0.0,443.0,240.0,1.0,Semiurban,Y
LP2632,Male,No,0,Graduate,No,5644.0,2575.0,286.0,360.0,0.0,Semiurban,N
LP2633,Male,No,3+,Graduate,No,6571.0,1694.0,387.0,360.0,1.0,Urban,Y
LP2634,Female,Yes,1,Graduate,No,7487.0,909.0,337.0,360.0,1.0,Semiurban,Y
LP2635,Male,No,0,Not Graduate,,5027.0,3702.0,242.0,180.0,1.0,Semiurban,Y
LP2636,Male,Yes,0,Graduate,No,6775.0,1219.0,290.0,360.0,1.0,Rural,Y
LP2637,Male,No,1,Graduate,No,11168.0,0.0,440.0,360.0,0.0,Urban,N
LP2638,Female,No,0,Graduate,No,4064.0,3681.0,,360.0,0.0,Urban,N
LP2639,Female,No,0,Graduate,No,11166.0,2460.0,517.0,360.0,1.0,Rural,Y
LP2640,Male,No,0,Graduate,No,7721.0,2039.0,355.0,360.0,0.0,Semiurban,N
LP2641,Female,Yes,0,Not Graduate,No,4378.0,875.0,207.0,,1.0,Urban,N
LP2642,Male,No,0,Graduate,No,3953.0,1760.0,202.0,360.0,0.0,Rural,N
LP2643,Male,Yes,0,Not Graduate,No,11138.0,0.0,425.0,,1.0,Semiurban,Y
LP2644,Male,No,0,Graduate,No,8617.0,1809.0,389.0,360.0,0.0,Semiurban,N
LP2645,Male,No,1,Graduate,No,5371.0,1249.0,278.0,360.0,1.0,Rural,Y
LP2646,Male,No,0,Not Graduate,No,4620.0,682.0,207.0,360.0,1.0,Rural,Y
LP2647,Female,Yes,0,Not Graduate,No,4386.0,2713.0,250.0,360.0,0.0,Urban,N
LP2648,Male,No,0,Not Graduate,No,5255.0,845.0,246.0,180.0,1.0,Urban,Y
LP2649,Male,Yes,1,Graduate,No,5475.0,0.0,219.0,180.0,0.0,Urban,N
LP2650,Male,Yes,0,Not Graduate,,6133.0,89.0,215.0,360.0,,Urban,Y
LP2651,Male,No,0,Not Graduate,No,3681.0,2412.0,240.0,360.0,1.0,Urban,N
LP2652,Male,Yes,0,Not Graduate,Yes,4301.0,579.0,171.0,360.0,0.0,Semiurban,N
LP2653,Male,No,2,Graduate,No,5139.0,0.0,195.0,180.0,1.0,Rural,Y
LP2654,Male,Yes,2,Graduate,No,12985.0,424.0,487.0,180.0,1.0,Rural,Y
LP2655,Female,Yes,2,Not Graduate,No,6422.0,1129.0,315.0,360.0,1.0,Semiurban,Y
LP2656,Male,No,1,Graduate,No,3067.0,1043.0,158.0,360.0,1.0,Semiurban,Y
LP2657,Male,Yes,1,Graduate,No,3766.0,585.0,177.0,360.0,1.0,Urban,Y
LP2658,Male,Yes,0,Graduate,No,11077.0,1568.0,515.0,360.0,1.0,Urban,Y
LP2659,Male,No,1,Graduate,Yes,9359.0,0.0,,360.0,1.0,Urban,Y
LP2660,Male,Yes,0,Graduate,No,4843.0,2224.0,239.0,360.0,1.0,Semiurban,Y
LP2661,Male,Yes,1,Graduate,No,7062.0,0.0,283.0,360.0,0.0,Urban,N
LP2662,Female,Yes,2,Not Graduate,No,6714.0,0.0,266.0,360.0,1.0,Rural,Y
LP2663,Male,No,0,Graduate,No,5722.0,0.0,223.0,240.0,,Semiurban,Y
LP2664,Female,No,0,Graduate,,3975.0,1149.0,169.0,360.0,1.0,Urban,Y
LP2665,Female,No,0,Graduate,No,2478.0,0.0,142.0,240.0,1.0,Urban,Y
LP2666,Male,Yes,1,Graduate,No,8223.0,0.0,359.0,360.0,1.0,Semiurban,Y
LP2667,Female,No,1,Graduate,No,6781.0,0.0,285.0,360.0,1.0,Rural,N
LP2668,Male,No,2,Graduate,No,4004.0,720.0,222.0,360.0,0.0,Semiurban,N
LP2669,Female,No,0,Graduate,No,9182.0,983.0,411.0,360.0,0.0,Urban,N
LP2670,Male,Yes,2,Not Graduate,No,10889.0,909.0,454.0,360.0,1.0,Semiurban,Y
LP2671,Female,No,1,Graduate,Yes,6329.0,2625.0,319.0,360.0,1.0,Urban,Y
LP2672,Female,No,2,Graduate,Yes,5630.0,0.0,237.0,360.0,1.0,Rural,N
LP2673,Female,Yes,0,Graduate,No,2804.0,0.0,71.0,240.0,1.0,Semiurban,Y
LP2674,Male,Yes,0,Graduate,No,5284.0,0.0,237.0,360.0,1.0,Semiurban,Y
LP2675,Male,No,1,Graduate,No,3532.0,3796.0,206.0,360.0,1.0,Semiurban,Y
LP2676,Male,Yes,1,Not Graduate,No,5414.0,1959.0,308.0,120.0,1.0,Semiurban,Y
LP2677,Male,No,3+,Graduate,No,8756.0,0.0,,180.0,1.0,Urban,Y
LP2678,Male,No,0,Graduate,No,7469.0,419.0,370.0,360.0,1.0,Urban,Y
LP2679,Male,Yes,0,Graduate,No,14823.0,507.0,614.0,360.0,1.0,Semiurban,Y
LP2680,Male,Yes,3+,Graduate,No,9295.0,0.0,391.0,360.0,1.0,Rural,Y
LP2681,Female,Yes,0,Not Graduate,No,5091.0,0.0,225.0,360.0,1.0,Semiurban,N
LP2682,Male,No,1,Graduate,No,3156.0,585.0,,360.0,1.0,Urban,Y
LP2683,Female,Yes,0,Graduate,No,4998.0,0.0,168.0,360.0,0.0,Rural,N
LP2684,Male,No,0,Graduate,No,6341.0,0.0,226.0,180.0,,Urban,Y
LP2685,Female,Yes,2,Graduate,No,9472.0,0.0,378.0,360.0,1.0,Urban,Y
LP2686,Female,Yes,1,Graduate,No,8093.0,376.0,335.0,360.0,1.0,Urban,Y
LP2687,Male,Yes,0,Graduate,No,2599.0,2004.0,165.0,360.0,1.0,Semiurban,Y
LP2688,Male,Yes,0,Not Graduate,No,6256.0,0.0,265.0,360.0,1.0,Semiurban,Y
LP2689,Male,No,2,Graduate,No,8721.0,0.0,327.0,360.0,0.0,Semiurban,N
LP2690,Male,Yes,0,Graduate,No,9761.0,0.0,416.0,360.0,1.0,Semiurban,Y
LP2691,Male,Yes,2,Graduate,Yes,9013.0,0.0,373.0,360.0,0.0,Urban,N
LP2692,Male,Yes,,Not Graduate,No,4202.0,2279.0,284.0,240.0,,Rural,N
LP2693,Male,Yes,1,Graduate,No,4298.0,1516.0,230.0,360.0,1.0,Urban,Y
LP2694,,Yes,3+,Not Graduate,No,11639.0,0.0,463.0,360.0,1.0,Rural,Y
LP2695,Male,No,1,Not Graduate,Yes,4696.0,0.0,252.0,120.0,1.0,Semiurban,Y
LP2696,Male,Yes,0,Not Graduate,,10819.0,0.0,430.0,60.0,1.0,Semiurban,Y
LP2697,Male,Yes,1,Graduate,No,3783.0,0.0,160.0,360.0,1.0,Semiurban,Y
LP2698,Female,Yes,0,Graduate,No,5412.0,2207.0,296.0,120.0,1.0,Semiurban,N
LP2699,Male,No,0,Graduate,Yes,2099.0,0.0,112.0,360.0,1.0,Urban,Y
LP2700,Female,Yes,3+,Graduate,No,5246.0,0.0,212.0,360.0,1.0,Rural,Y
LP2701,Male,Yes,2,Graduate,No,3939.0,0.0,241.0,360.0,1.0,Urban,Y
LP2702,Male,No,1,Graduate,No,7492.0,718.0,,360.0,0.0,Urban,N
LP2703,Male,Yes,0,Not Graduate,No,7465.0,1843.0,399.0,360.0,0.0,Semiurban,Y
LP2704,Male,Yes,0,Graduate,No,6888.0,0.0,,360.0,1.0,Semiurban,Y
LP2705,Male,Yes,0,Graduate,Yes,4026.0,2158.0,196.0,240.0,1.0,Urban,Y
LP2706,Male,No,1,Graduate,,9313.0,0.0,326.0,360.0,1.0,Rural,Y
LP2707,Male,Yes,2,Graduate,No,5828.0,1830.0,260.0,360.0,,Rural,N
LP2708,Male,No,0,Graduate,No,7755.0,316.0,271.0,360.0,1.0,Semiurban,Y
LP2709,Male,Yes,2,Graduate,No,9034.0,2304.0,434.0,60.0,,Semiurban,Y
LP2710,Male,Yes,0,Graduate,No,6114.0,1459.0,262.0,180.0,1.0,Semiurban,Y
LP2711,Male,Yes,0,Graduate,No,3014.0,777.0,189.0,360.0,1.0,Urban,Y
LP2712,Male,Yes,0,Not Graduate,No,6422.0,3168.0,367.0,180.0,1.0,Semiurban,Y
LP2713,Male,No,0,Graduate,Yes,5275.0,975.0,242.0,180.0,1.0,Rural,Y
LP2714,Male,Yes,0,Not Graduate,No,3849.0,1470.0,206.0,120.0,1.0,Rural,N
LP2715,Female,Yes,3+,Graduate,,10297.0,851.0,457.0,360.0,0.0,Rural,N
LP2716,Male,Yes,0,Graduate,No,5021.0,0.0,237.0,360.0,1.0,Urban,Y
LP2717,Male,No,3+,Graduate,,7275.0,0.0,276.0,360.0,0.0,Urban,N
LP2718,Female,Yes,0,Graduate,No,2684.0,0.0,87.0,120.0,1.0,Urban,Y
LP2719,Male,No,3+,Graduate,Yes,8019.0,1141.0,367.0,60.0,1.0,Semiurban,Y
LP2720,Male,Yes,1,Graduate,No,6423.0,2275.0,372.0,180.0,1.0,Urban,Y
LP2721,Male,Yes,3+,Graduate,No,4778.0,0.0,150.0,360.0,1.0,Urban,Y
LP2722,Male,Yes,0,Graduate,No,2863.0,2374.0,198.0,360.0,1.0,Semiurban,Y
LP2723,Male,Yes,1,Not Graduate,No,6854.0,2699.0,394.0,360.0,1.0,Rural,N
LP2724,Male,Yes,3+,Graduate,No,5041.0,0.0,220.0,360.0,1.0,Semiurban,N
LP2725,Male,Yes,0,Graduate,No,11505.0,0.0,470.0,360.0,1.0,Rural,Y
LP2726,Male,No,0,Graduate,No,4248.0,411.0,,360.0,1.0,Urban,Y
LP2727,Female,No,0,Graduate,No,2127.0,607.0,,60.0,,Urban,N
LP2728,Female,No,3+,Graduate,No,3371.0,0.0,159.0,360.0,1.0,Rural,N
LP2729,Male,Yes,0,Graduate,No,9006.0,2034.0,375.0,120.0,1.0,Semiurban,N
LP2730,Male,Yes,0,Graduate,No,8128.0,1197.0,358.0,360.0,1.0,Semiurban,Y
LP2731,Male,Yes,0,Not Graduate,No,10260.0,1655.0,463.0,360.0,1.0,Urban,Y
LP2732,Male,No,0,Graduate,No,5312.0,2548.0,320.0,360.0,1.0,Urban,N
LP2733,Male,No,2,Graduate,No,7685.0,2189.0,376.0,60.0,1.0,Semiurban,Y
LP2734,Male,Yes,,Graduate,No,6291.0,3650.0,362.0,180.0,1.0,Rural,Y
LP2735,Female,Yes,1,Graduate,No,4389.0,0.0,177.0,360.0,1.0,Rural,Y
LP2736,Male,Yes,3+,Graduate,No,5810.0,1100.0,273.0,360.0,1.0,Semiurban,Y
LP2737,Male,Yes,0,Graduate,No,4886.0,1843.0,248.0,360.0,1.0,Semiurban,Y
LP2738,Male,Yes,1,Graduate,No,10005.0,0.0,388.0,360.0,1.0,Rural,Y
LP2739,Male,Yes,0,Graduate,No,4375.0,975.0,200.0,360.0,1.0,Semiurban,Y
LP2740,Female,No,1,Graduate,No,10640.0,0.0,435.0,360.0,0.0,Semiurban,N
LP2741,Male,Yes,0,Graduate,Yes,4252.0,0.0,189.0,360.0,1.0,Rural,N
LP2742,,Yes,1,Graduate,No,4888.0,2117.0,341.0,360.0,1.0,Rural,Y
LP2743,Male,No,0,Graduate,No,5931.0,0.0,197.0,120.0,1.0,Rural,Y
LP2744,Male,Yes,0,Graduate,Yes,4167.0,0.0,184.0,360.0,1.0,Urban,Y
LP2745,Male,Yes,1,Graduate,No,5909.0,658.0,300.0,240.0,1.0,Semiurban,Y
LP2746,Male,Yes,0,Not Graduate,No,6256.0,1160.0,262.0,360.0,1.0,Rural,N
LP2747,Male,Yes,1,Not Graduate,No,9775.0,4219.0,538.0,360.0,0.0,Urban,N
LP2748,Male,Yes,0,Graduate,No,2111.0,0.0,73.0,360.0,1.0,Rural,Y
LP2749,Male,No,1,Graduate,No,4269.0,0.0,155.0,360.0,1.0,Urban,Y
LP2750,Male,Yes,0,Graduate,Yes,11240.0,0.0,428.0,60.0,,Rural,Y
LP2751,Male,Yes,1,Graduate,No,4842.0,576.0,208.0,120.0,1.0,Semiurban,Y
LP2752,Male,No,0,Graduate,No,4841.0,5035.0,341.0,180.0,,Urban,Y
LP2753,Male,Yes,0,Graduate,No,4147.0,512.0,204.0,360.0,0.0,Semiurban,N
LP2754,Female,No,0,Graduate,No,7613.0,2352.0,332.0,180.0,,Semiurban,Y
LP2755,Female,No,1,Graduate,No,2763.0,0.0,136.0,360.0,0.0,Semiurban,N
LP2756,Female,Yes,0,Graduate,No,6712.0,1080.0,326.0,360.0,1.0,Semiurban,Y
LP2757,Male,No,2,Graduate,No,11969.0,0.0,488.0,360.0,1.0,Rural,Y
LP2758,Male,Yes,2,Graduate,No,2445.0,0.0,166.0,360.0,1.0,Semiurban,N
LP2759,Male,No,0,Graduate,No,7651.0,4008.0,463.0,360.0,1.0,Semiurban,Y
LP2760,Male,Yes,1,Graduate,Yes,3285.0,0.0,116.0,360.0,1.0,Urban,Y
LP2761,Female,No,0,Graduate,No,6887.0,1409.0,282.0,,1.0,Rural,Y
LP2762,Male,No,0,Graduate,Yes,6635.0,0.0,,360.0,1.0,Urban,Y
LP2763,Male,Yes,1,Graduate,No,7880.0,3838.0,413.0,360.0,1.0,Semiurban,Y
LP2764,Male,Yes,1,Not Graduate,No,4569.0,0.0,128.0,360.0,1.0,Rural,Y
LP2765,Male,No,1,Graduate,No,4674.0,1998.0,262.0,360.0,1.0,Urban,Y
LP2766,Male,No,0,Graduate,Yes,7972.0,0.0,279.0,360.0,1.0,Semiurban,Y
LP2767,Male,Yes,0,Graduate,No,4550.0,2363.0,260.0,180.0,1.0,Urban,Y
LP2768,Male,No,0,Graduate,No,8376.0,798.0,387.0,360.0,,Semiurban,Y
LP2769,Male,Yes,1,Graduate,No,1831.0,1456.0,159.0,360.0,1.0,Semiurban,Y
LP2770,Male,Yes,0,Graduate,No,6458.0,2607.0,329.0,240.0,1.0,Rural,Y
LP2771,Male,,1,Graduate,No,8145.0,2735.0,386.0,360.0,1.0,Rural,N
LP2772,Female,Yes,0,Graduate,No,5316.0,2334.0,323.0,240.0,1.0,Semiurban,Y
LP2773,Female,No,0,Graduate,No,9952.0,1566.0,490.0,360.0,,Semiurban,Y
LP2774,Male,Yes,0,Graduate,No,4639.0,0.0,206.0,360.0,1.0,Semiurban,Y
LP2775,Male,No,0,Graduate,,6351.0,2873.0,319.0,360.0,1.0,Semiurban,Y
LP2776,Male,Yes,0,Graduate,,8743.0,1885.0,367.0,360.0,1.0,Semiurban,Y
LP2777,Male,Yes,2,Graduate,No,3452.0,1495.0,216.0,360.0,0.0,Rural,N
LP2778,Male,Yes,2,Not Graduate,No,9070.0,0.0,361.0,360.0,1.0,Semiurban,Y
LP2779,Female,Yes,0,Graduate,No,6677.0,695.0,325.0,360.0,0.0,Urban,N
LP2780,Male,Yes,0,Not Graduate,No,4069.0,0.0,143.0,360.0,1.0,Semiurban,Y
LP2781,Female,Yes,0,Graduate,Yes,5697.0,2094.0,324.0,180.0,1.0,Semiurban,Y
LP2782,Male,Yes,2,Not Graduate,No,3913.0,1988.0,258.0,240.0,1.0,Urban,N
LP2783,Male,Yes,0,Graduate,No,7393.0,1902.0,346.0,360.0,1.0,Semiurban,Y
LP2784,Male,Yes,3+,Graduate,No,5128.0,1431.0,257.0,360.0,1.0,Semiurban,N
LP2785,Female,Yes,0,Graduate,No,4851.0,0.0,159.0,360.0,1.0,Semiurban,Y
LP2786,Male,No,0,Graduate,No,7493.0,3064.0,358.0,360.0,,Urban,Y
LP2787,Male,No,3+,Graduate,Yes,5264.0,0.0,220.0,240.0,1.0,Semiurban,Y
LP2788,Male,Yes,0,Graduate,No,5823.0,847.0,242.0,360.0,1.0,Rural,N
LP2789,Male,Yes,1,Graduate,No,1278.0,4956.0,207.0,60.0,0.0,Rural,N
LP2790,Male,Yes,0,Not Graduate,No,5643.0,0.0,231.0,180.0,0.0,Semiurban,N
LP2791,Male,No,0,Graduate,No,2073.0,1240.0,140.0,180.0,1.0,Urban,Y
LP2792,Male,Yes,0,Not Graduate,No,2994.0,683.0,156.0,360.0,1.0,Rural,N
LP2793,Male,Yes,1,Graduate,No,4294.0,0.0,199.0,180.0,,Semiurban,Y
LP2794,Male,Yes,1,Graduate,No,4431.0,5788.0,358.0,60.0,1.0,Urban,Y
LP2795,Male,Yes,0,Graduate,No,1976.0,685.0,109.0,180.0,1.0,Urban,Y
LP2796,Male,Yes,3+,Graduate,No,5819.0,0.0,233.0,360.0,1.0,Urban,Y
LP2797,Male,No,0,Graduate,No,5444.0,0.0,249.0,360.0,1.0,Urban,Y
LP2798,Male,Yes,0,Graduate,No,6108.0,2579.0,377.0,360.0,0.0,Urban,N
LP2799,Male,Yes,0,Graduate,No,4990.0,0.0,222.0,60.0,0.0,Rural,N
LP2800,Female,Yes,0,Graduate,No,10491.0,0.0,435.0,240.0,1.0,Semiurban,Y
LP2801,Male,Yes,0,Not Graduate,Yes,7110.0,0.0,278.0,360.0,1.0,Semiurban,Y
LP2802,Male,No,3+,Graduate,No,11078.0,937.0,479.0,180.0,1.0,Rural,Y
LP2803,Male,Yes,0,Not Graduate,No,3444.0,350.0,136.0,240.0,1.0,Rural,Y
LP2804,Male,No,0,Not Graduate,No,4928.0,0.0,179.0,360.0,0.0,Rural,N
LP2805,Male,Yes,0,Graduate,Yes,4467.0,2116.0,236.0,360.0,0.0,Rural,N
LP2806,Male,Yes,1,Graduate,No,2678.0,2948.0,249.0,360.0,1.0,Semiurban,N
LP2807,Male,No,2,Graduate,No,5323.0,1163.0,245.0,180.0,1.0,Rural,Y
LP2808,Male,Yes,0,Graduate,No,1913.0,1108.0,158.0,360.0,1.0,Semiurban,N
LP2809,Male,No,0,Graduate,Yes,7358.0,948.0,294.0,360.0,1.0,Urban,Y
LP2810,Male,Yes,0,Graduate,No,9404.0,0.0,380.0,360.0,1.0,Semiurban,Y
LP2811,Male,No,0,Graduate,,5187.0,0.0,229.0,360.0,1.0,Semiurban,N
LP2812,Male,Yes,0,Graduate,No,6082.0,1754.0,319.0,360.0,1.0,Rural,Y
LP2813,Male,Yes,0,Not Graduate,No,9443.0,918.0,373.0,360.0,0.0,Urban,N
LP2814,Male,No,,Graduate,No,3744.0,1400.0,155.0,360.0,0.0,Semiurban,N
LP2815,Female,No,0,Graduate,No,2664.0,0.0,125.0,360.0,1.0,Urban,Y
LP2816,Male,No,0,Not Graduate,No,1887.0,1189.0,95.0,360.0,1.0,Urban,N
LP2817,Male,No,3+,Graduate,No,3929.0,1064.0,208.0,360.0,,Urban,Y
LP2818,Male,No,3+,Graduate,No,4230.0,2964.0,,360.0,0.0,Semiurban,N
LP2819,Male,Yes,1,Graduate,Yes,7597.0,1569.0,331.0,360.0,1.0,Rural,Y
LP2820,,Yes,0,Graduate,No,3063.0,0.0,107.0,360.0,1.0,Urban,Y
LP2821,Male,Yes,0,Graduate,No,2611.0,1332.0,84.0,360.0,0.0,Semiurban,N
LP2822,Male,Yes,0,Not Graduate,No,8172.0,1188.0,387.0,180.0,0.0,Urban,N
LP2823,Male,Yes,1,Graduate,No,4358.0,541.0,254.0,360.0,0.0,Urban,N
LP2824,Male,Yes,0,Graduate,No,6103.0,0.0,207.0,360.0,0.0,Semiurban,N
LP2825,Male,Yes,2,Graduate,No,7798.0,111.0,353.0,60.0,1.0,Urban,Y
LP2826,Male,No,3+,Graduate,No,15341.0,0.0,654.0,360.0,0.0,Semiurban,N
LP2827,Female,Yes,0,Not Graduate,Yes,6738.0,0.0,293.0,360.0,1.0,Urban,N
LP2828,Male,Yes,1,Not Graduate,Yes,4150.0,0.0,148.0,360.0,1.0,Urban,N
LP2829,Male,Yes,0,Graduate,No,8104.0,0.0,317.0,180.0,1.0,Semiurban,Y
LP2830,Female,No,0,Graduate,No,3640.0,1210.0,198.0,180.0,,Semiurban,Y
LP2831,Male,No,0,Graduate,Yes,9393.0,0.0,391.0,360.0,1.0,Urban,Y
LP2832,Male,Yes,0,Graduate,No,4023.0,2128.0,217.0,360.0,0.0,Semiurban,N
LP2833,Male,Yes,2,Graduate,No,3335.0,0.0,147.0,,1.0,Rural,N
LP2834,Female,Yes,0,Graduate,No,5780.0,0.0,220.0,360.0,0.0,Semiurban,N
LP2835,Male,Yes,0,Not Graduate,No,6650.0,1365.0,304.0,120.0,,Urban,Y
LP2836,Male,Yes,1,Graduate,No,3404.0,0.0,130.0,360.0,1.0,Semiurban,Y
LP2837,Male,Yes,1,Not Graduate,No,4304.0,0.0,205.0,360.0,1.0,Semiurban,N
LP2838,Female,Yes,0,Graduate,No,6978.0,0.0,236.0,240.0,1.0,Urban,Y
LP2839,Male,Yes,2,Graduate,No,6178.0,968.0,296.0,360.0,1.0,Rural,Y
LP2840,Male,No,1,Not Graduate,Yes,6807.0,1010.0,313.0,360.0,0.0,Rural,N
LP2841,Male,No,0,Graduate,No,9472.0,0.0,311.0,360.0,,Rural,Y
LP2842,Male,Yes,0,Not Graduate,,6471.0,2453.0,359.0,360.0,1.0,Rural,Y
LP2843,Male,Yes,0,Graduate,No,10611.0,2062.0,516.0,180.0,1.0,Semiurban,Y
LP2844,Female,Yes,2,Graduate,No,8310.0,1176.0,356.0,360.0,1.0,Semiurban,Y
LP2845,Male,Yes,1,Not Graduate,Yes,4350.0,0.0,189.0,360.0,0.0,Semiurban,N
LP2846,Male,No,2,Graduate,No,9666.0,2557.0,471.0,,1.0,Rural,Y
LP2847,Male,Yes,0,Not Graduate,No,6353.0,0.0,321.0,360.0,1.0,Semiurban,N
LP2848,Female,No,0,Not Graduate,No,9007.0,0.0,375.0,360.0,1.0,Urban,Y
LP2849,Male,Yes,0,Graduate,No,6864.0,0.0,278.0,360.0,0.0,Urban,N
LP2850,Male,No,0,Graduate,Yes,11777.0,3065.0,596.0,180.0,1.0,Rural,Y
LP2851,Female,Yes,1,Graduate,No,3339.0,5138.0,336.0,240.0,1.0,Urban,Y
LP2852,Female,No,2,Graduate,No,5147.0,1720.0,320.0,360.0,1.0,Semiurban,N
LP2853,Female,Yes,0,Not Graduate,Yes,7420.0,2406.0,351.0,360.0,0.0,Rural,N
LP2854,Female,Yes,0,Graduate,No,6051.0,57.0,257.0,360.0,1.0,Semiurban,Y
LP2855,Male,Yes,0,Graduate,No,3656.0,1786.0,181.0,360.0,1.0,Rural,N
LP2856,Male,Yes,0,Graduate,Yes,11245.0,0.0,519.0,240.0,1.0,Semiurban,Y
LP2857,Male,No,0,Graduate,No,5484.0,2245.0,288.0,240.0,1.0,Urban,Y
LP2858,Female,No,0,Not Graduate,No,8622.0,0.0,374.0,120.0,,Rural,N
LP2859,Male,No,0,Graduate,No,7163.0,1354.0,322.0,180.0,1.0,Urban,Y
LP2860,Male,Yes,0,Not Graduate,,7970.0,1304.0,373.0,360.0,1.0,Semiurban,Y
LP2861,Male,No,0,Graduate,No,3233.0,851.0,101.0,360.0,1.0,Urban,Y
LP2862,Male,Yes,0,Graduate,No,5586.0,118.0,258.0,180.0,1.0,Urban,N
LP2863,Male,Yes,1,Graduate,No,8059.0,0.0,361.0,240.0,0.0,Semiurban,N
LP2864,Female,Yes,0,Graduate,No,8596.0,381.0,337.0,120.0,1.0,Urban,Y
LP2865,Female,Yes,3+,Not Graduate,No,8261.0,0.0,276.0,360.0,1.0,Semiurban,Y
LP2866,,Yes,0,Graduate,No,4038.0,1809.0,260.0,360.0,1.0,Rural,Y
LP2867,Male,Yes,0,Graduate,No,2482.0,0.0,140.0,360.0,1.0,Urban,Y
LP2868,Male,Yes,0,Graduate,No,3039.0,1444.0,189.0,360.0,1.0,Urban,N
LP2869,Male,No,,Graduate,No,5714.0,4752.0,366.0,360.0,1.0,Semiurban,Y
LP2870,Female,Yes,2,Graduate,No,5970.0,1006.0,261.0,120.0,1.0,Semiurban,Y
LP2871,Male,Yes,0,Graduate,No,5703.0,426.0,281.0,240.0,,Rural,N
LP2872,Male,Yes,3+,Graduate,No,3278.0,0.0,121.0,,1.0,Urban,Y
LP2873,Female,Yes,,Graduate,No,4418.0,605.0,200.0,360.0,1.0,Rural,Y
LP2874,Male,Yes,0,Not Graduate,No,11198.0,0.0,448.0,360.0,1.0,Semiurban,Y
LP2875,Male,Yes,0,Graduate,Yes,6682.0,2721.0,,,1.0,Semiurban,Y
LP2876,Male,Yes,1,Graduate,No,5538.0,524.0,234.0,360.0,0.0,Urban,N
LP2877,Male,No,0,Graduate,No,11085.0,0.0,444.0,360.0,1.0,Semiurban,Y
LP2878,Male,Yes,1,Graduate,No,12219.0,496.0,557.0,240.0,1.0,Urban,Y
LP2879,Male,No,0,Not Graduate,No,4628.0,2695.0,282.0,360.0,0.0,Urban,N
LP2880,Male,Yes,0,Graduate,No,6703.0,0.0,280.0,360.0,,Semiurban,Y
LP2881,Female,Yes,0,Graduate,No,2728.0,1983.0,193.0,360.0,1.0,Rural,Y
LP2882,Male,No,0,Graduate,No,2375.0,1252.0,99.0,120.0,1.0,Semiurban,Y
LP2883,Male,Yes,2,Graduate,Yes,5132.0,834.0,261.0,180.0,1.0,Semiurban,Y
LP2884,Male,Yes,0,Graduate,No,3182.0,1230.0,173.0,60.0,1.0,Semiurban,Y
LP2885,,No,2,Graduate,No,4421.0,0.0,158.0,180.0,1.0,Semiurban,Y
LP2886,Male,Yes,0,Graduate,No,6413.0,0.0,254.0,360.0,1.0,Rural,Y
LP2887,Male,No,0,Graduate,,10078.0,214.0,426.0,120.0,1.0,Semiurban,Y
LP2888,Male,Yes,0,Not Graduate,,6785.0,0.0,274.0,360.0,1.0,Urban,N
LP2889,Female,No,0,Graduate,No,4651.0,0.0,219.0,360.0,1.0,Urban,N
LP2890,Male,Yes,0,Not Graduate,No,12532.0,1062.0,511.0,360.0,1.0,Semiurban,Y
LP2891,Male,Yes,0,Graduate,No,5904.0,1955.0,261.0,180.0,1.0,Semiurban,Y
LP2892,Female,Yes,2,Not Graduate,No,8643.0,1440.0,366.0,240.0,1.0,Urban,Y
LP2893,Male,Yes,0,Graduate,No,8974.0,0.0,347.0,360.0,1.0,Rural,Y
LP2894,Male,Yes,0,Graduate,No,5517.0,0.0,225.0,360.0,,Semiurban,N
LP2895,Male,Yes,2,Graduate,No,1534.0,441.0,65.0,240.0,,Semiurban,N
LP2896,Male,Yes,1,Graduate,No,2408.0,1336.0,101.0,360.0,1.0,Urban,Y
LP2897,Male,Yes,0,Graduate,Yes,4173.0,291.0,135.0,180.0,1.0,Urban,N
LP2898,Male,Yes,0,Graduate,No,4267.0,2616.0,211.0,360.0,1.0,Rural,Y
LP2899,Male,No,2,Graduate,Yes,5605.0,2282.0,284.0,360.0,0.0,Rural,N
LP2900,Male,Yes,1,Graduate,No,5062.0,1104.0,,360.0,0.0,Urban,N
LP2901,Male,Yes,0,Graduate,,5188.0,0.0,196.0,360.0,1.0,Urban,Y
LP2902,Male,Yes,0,Not Graduate,No,5765.0,549.0,287.0,180.0,1.0,Semiurban,Y
LP2903,Male,Yes,2,Graduate,No,6251.0,781.0,238.0,120.0,0.0,Urban,N
LP2904,Male,No,0,Graduate,No,2445.0,0.0,107.0,360.0,1.0,Semiurban,Y
LP2905,Male,Yes,3+,Graduate,No,6203.0,29.0,213.0,180.0,1.0,Rural,Y
LP2906,Female,No,0,Graduate,,7675.0,0.0,267.0,360.0,1.0,Urban,Y
LP2907,,Yes,2,Graduate,Yes,12612.0,1712.0,567.0,360.0,1.0,Urban,Y
LP2908,Male,No,0,Not Graduate,No,6103.0,0.0,264.0,360.0,1.0,Rural,Y
LP2909,Male,Yes,0,Graduate,No,8404.0,3062.0,452.0,360.0,1.0,Urban,Y
LP2910,Male,No,2,Graduate,No,7369.0,3660.0,438.0,360.0,1.0,Rural,Y
LP2911,Female,Yes,0,Graduate,,3943.0,0.0,152.0,360.0,1.0,Semiurban,N
LP2912,Female,Yes,0,Graduate,No,6280.0,445.0,,60.0,1.0,Rural,Y
LP2913,Male,Yes,0,Not Graduate,No,10651.0,0.0,414.0,360.0,1.0,Urban,Y
LP2914,Male,Yes,0,Not Graduate,No,10404.0,4602.0,593.0,360.0,1.0,Urban,Y
LP2915,Male,No,0,Graduate,No,10397.0,1387.0,430.0,360.0,0.0,Semiurban,N
LP2916,Female,Yes,1,Graduate,No,16933.0,1184.0,728.0,360.0,1.0,Semiurban,Y
LP2917,Male,Yes,0,Graduate,No,7630.0,584.0,291.0,360.0,1.0,Urban,Y
LP2918,Male,No,0,Graduate,No,4699.0,1647.0,241.0,360.0,1.0,Rural,Y
LP2919,Male,Yes,0,Graduate,No,7710.0,0.0,260.0,360.0,1.0,Rural,Y
LP2920,Male,No,1,Graduate,No,3677.0,0.0,154.0,360.0,,Semiurban,N
LP2921,Male,No,1,Graduate,Yes,7131.0,2151.0,409.0,360.0,1.0,Urban,N
LP2922,Male,Yes,0,Graduate,No,3577.0,394.0,138.0,360.0,0.0,Semiurban,N
LP2923,Male,No,0,Graduate,No,4154.0,5136.0,313.0,360.0,1.0,Semiurban,Y
LP2924,Male,Yes,3+,Graduate,No,2315.0,0.0,119.0,360.0,1.0,Semiurban,Y
LP2925,Male,Yes,0,Graduate,No,6898.0,0.0,277.0,360.0,1.0,Rural,Y
LP2926,Male,Yes,2,Not Graduate,,10155.0,1407.0,485.0,360.0,0.0,Urban,N
LP2927,Male,Yes,2,Graduate,Yes,6118.0,0.0,257.0,360.0,1.0,Urban,Y
LP2928,Male,No,2,Graduate,No,5765.0,953.0,285.0,360.0,1.0,Urban,Y
LP2929,Male,No,0,Not Graduate,No,4304.0,260.0,121.0,360.0,1.0,Rural,Y
LP2930,Male,Yes,2,Not Graduate,No,8779.0,3109.0,447.0,180.0,1.0,Semiurban,Y
LP2931,Male,Yes,2,Graduate,No,9434.0,0.0,344.0,360.0,1.0,Urban,Y
LP2932,Male,No,1,Graduate,Yes,2798.0,2713.0,181.0,360.0,1.0,Urban,Y
LP2933,Male,Yes,0,Graduate,No,6367.0,0.0,268.0,360.0,1.0,Urban,Y
LP2934,Male,Yes,0,Graduate,No,8636.0,0.0,339.0,60.0,1.0,Urban,Y
LP2935,Female,Yes,0,Graduate,No,4679.0,888.0,190.0,60.0,1.0,Semiurban,Y
LP2936,Male,No,0,Not Graduate,No,2581.0,0.0,141.0,360.0,1.0,Urban,Y
LP2937,Female,Yes,1,Graduate,No,3489.0,0.0,170.0,360.0,1.0,Urban,Y
LP2938,Male,No,0,Graduate,No,10897.0,0.0,395.0,360.0,,Rural,Y
LP2939,Male,No,0,Graduate,No,9283.0,1614.0,443.0,360.0,1.0,Semiurban,Y
LP2940,Male,Yes,0,Graduate,No,9817.0,768.0,421.0,360.0,1.0,Semiurban,Y
LP2941,Male,Yes,,Graduate,No,3041.0,2794.0,213.0,360.0,1.0,Urban,Y
LP2942,Male,,3+,Graduate,Yes,8598.0,2333.0,461.0,360.0,0.0,Urban,N
LP2943,Male,Yes,0,Graduate,No,11216.0,0.0,453.0,360.0,1.0,Semiurban,Y
LP2944,Male,No,0,Graduate,No,4171.0,0.0,188.0,360.0,1.0,Urban,Y
LP2945,Male,No,0,Graduate,No,5279.0,0.0,218.0,120.0,0.0,Urban,N
LP2946,Male,Yes,1,Graduate,,6490.0,2353.0,337.0,360.0,1.0,Rural,Y
LP2947,Male,No,1,Not Graduate,No,6978.0,0.0,251.0,360.0,1.0,Rural,Y
LP2948,Male,No,3+,Graduate,No,4798.0,836.0,291.0,360.0,1.0,Urban,N
LP2949,Male,No,0,Not Graduate,No,9044.0,0.0,269.0,360.0,1.0,Urban,Y
LP2950,Male,Yes,3+,Graduate,No,7495.0,1866.0,334.0,240.0,0.0,Rural,N
LP2951,Male,Yes,0,Graduate,No,3781.0,299.0,146.0,360.0,,Urban,Y
LP2952,Male,Yes,1,Graduate,No,8777.0,0.0,378.0,360.0,0.0,Semiurban,N
LP2953,Male,No,0,Graduate,No,5456.0,3078.0,268.0,360.0,1.0,Rural,Y
LP2954,Female,Yes,2,Not Graduate,No,7640.0,0.0,300.0,360.0,1.0,Rural,Y
LP2955,Female,No,0,Not Graduate,No,3938.0,0.0,181.0,360.0,0.0,Semiurban,N
LP2956,Male,Yes,1,Graduate,Yes,4047.0,0.0,125.0,360.0,0.0,Urban,N
LP2957,Male,Yes,2,Graduate,No,2477.0,2262.0,163.0,360.0,0.0,Urban,N
LP2958,Male,Yes,0,Graduate,No,9573.0,0.0,378.0,360.0,1.0,Rural,Y
LP2959,Male,No,0,Not Graduate,No,8396.0,0.0,318.0,,1.0,Rural,Y
LP2960,Male,Yes,2,Graduate,No,6507.0,806.0,286.0,360.0,1.0,Semiurban,Y
LP2961,Male,Yes,0,Graduate,No,2980.0,0.0,106.0,180.0,1.0,Rural,N
LP2962,Female,Yes,0,Graduate,No,10291.0,1206.0,477.0,360.0,,Semiurban,Y
LP2963,Male,No,0,Graduate,Yes,7574.0,1351.0,359.0,360.0,1.0,Semiurban,Y
LP2964,Male,Yes,1,Not Graduate,No,4796.0,0.0,186.0,120.0,1.0,Rural,Y
LP2965,Male,Yes,0,Graduate,No,6788.0,0.0,273.0,360.0,1.0,Semiurban,N
LP2966,Male,No,0,Graduate,No,5389.0,996.0,234.0,360.0,1.0,Semiurban,Y
LP2967,Male,No,0,Graduate,No,7577.0,0.0,343.0,360.0,0.0,Urban,N
LP2968,Male,No,0,Graduate,No,3616.0,0.0,158.0,360.0,,Semiurban,Y
LP2969,Male,Yes,2,Graduate,No,1954.0,1132.0,108.0,360.0,1.0,Semiurban,Y
LP2970,Male,Yes,3+,Graduate,No,7262.0,2442.0,377.0,360.0,1.0,Urban,Y
LP2971,Female,No,1,Not Graduate,No,7781.0,0.0,368.0,360.0,1.0,Rural,N
LP2972,Male,Yes,0,Graduate,No,2474.0,0.0,78.0,360.0,1.0,Semiurban,Y
LP2973,Male,No,3+,Graduate,No,1548.0,0.0,88.0,360.0,1.0,Rural,N
LP2974,Male,Yes,0,Graduate,No,6540.0,0.0,274.0,360.0,1.0,Urban,Y
LP2975,Female,Yes,0,Graduate,No,7377.0,1448.0,332.0,180.0,1.0,Semiurban,Y
LP2976,Male,Yes,3+,Not Graduate,No,5288.0,0.0,190.0,360.0,1.0,Urban,Y
LP2977,Male,Yes,2,Graduate,No,3735.0,1689.0,226.0,360.0,1.0,Rural,Y
LP2978,Female,Yes,1,Graduate,Yes,12648.0,514.0,530.0,360.0,0.0,Urban,N
LP2979,Female,Yes,1,Graduate,No,7079.0,0.0,326.0,360.0,1.0,Semiurban,Y
LP2980,Male,No,0,Graduate,Yes,9517.0,0.0,416.0,360.0,1.0,Rural,Y
LP2981,Female,Yes,0,Graduate,No,3318.0,0.0,142.0,180.0,0.0,Urban,N
LP2982,Male,No,1,Not Graduate,No,10157.0,0.0,385.0,360.0,1.0,Rural,Y
LP2983,Male,No,0,Graduate,No,6959.0,294.0,349.0,360.0,1.0,Rural,N
LP2984,Male,Yes,0,Graduate,No,12070.0,2551.0,541.0,360.0,0.0,Urban,N
LP2985,Male,Yes,2,Graduate,No,7640.0,0.0,331.0,360.0,1.0,Urban,Y
LP2986,Male,No,2,Graduate,Yes,6072.0,500.0,205.0,360.0,,Urban,N
LP2987,Male,Yes,0,Graduate,No,5597.0,3393.0,373.0,360.0,1.0,Urban,Y
LP2988,Male,No,2,Not Graduate,Yes,4240.0,0.0,109.0,360.0,1.0,Rural,Y
LP2989,Male,No,2,Graduate,Yes,5624.0,1211.0,252.0,360.0,1.0,Rural,N
LP2990,Male,No,1,Graduate,Yes,7700.0,1772.0,329.0,360.0,1.0,Urban,Y
LP2991,Male,Yes,0,Graduate,No,8302.0,0.0,374.0,360.0,1.0,Semiurban,Y
LP2992,Male,Yes,0,Not Graduate,No,3930.0,3255.0,233.0,360.0,0.0,Semiurban,N
LP2993,Male,Yes,0,Graduate,No,2808.0,1310.0,167.0,360.0,1.0,Urban,Y
LP2994,Male,Yes,0,Not Graduate,No,6697.0,0.0,276.0,360.0,1.0,Urban,N
LP2995,Male,No,0,Graduate,No,2401.0,571.0,70.0,360.0,1.0,Urban,Y
LP2996,Female,Yes,0,Not Graduate,No,5679.0,0.0,258.0,360.0,1.0,Semiurban,Y
LP2997,Male,Yes,0,Graduate,No,3006.0,0.0,120.0,360.0,1.0,Semiurban,Y
LP2998,Male,No,3+,Graduate,No,8150.0,1871.0,427.0,360.0,,Semiurban,Y
LP2999,Male,Yes,0,Graduate,No,4785.0,0.0,210.0,360.0,1.0,Urban,Y
LP3000,Male,Yes,1,Graduate,Yes,5068.0,1892.0,237.0,360.0,1.0,Rural,Y
LP3001,Male,Yes,1,Graduate,Yes,2718.0,0.0,103.0,360.0,1.0,Semiurban,Y
LP3002,Female,No,,Graduate,No,9101.0,998.0,387.0,360.0,1.0,Rural,Y
LP3003,Male,Yes,3+,Graduate,No,6373.0,381.0,290.0,360.0,1.0,Semiurban,Y
LP3004,Male,No,1,Graduate,No,6477.0,399.0,293.0,360.0,1.0,Rural,Y
LP3005,Male,Yes,0,Not Graduate,No,3075.0,0.0,103.0,360.0,1.0,Rural,Y
LP3006,Male,No,2,Graduate,No,2282.0,0.0,120.0,360.0,1.0,Semiurban,Y
LP3007,Male,No,0,Not Graduate,No,3917.0,0.0,169.0,360.0,1.0,Semiurban,N
LP3008,Male,Yes,1,Graduate,No,4729.0,2985.0,299.0,360.0,1.0,Rural,Y
LP3009,Male,Yes,0,Graduate,No,3862.0,0.0,170.0,360.0,1.0,Semiurban,Y
LP3010,Male,Yes,2,Graduate,,12096.0,3619.0,617.0,360.0,1.0,Rural,Y
LP3011,Male,No,0,Graduate,No,9209.0,0.0,340.0,360.0,1.0,Rural,Y
LP3012,Female,Yes,1,Not Graduate,No,5744.0,1664.0,285.0,240.0,1.0,Semiurban,Y
LP3013,Male,Yes,0,Graduate,No,4061.0,2789.0,276.0,360.0,,Urban,N
LP3014,Male,Yes,1,Not Graduate,No,3355.0,1842.0,223.0,120.0,1.0,Urban,Y
LP3015,Male,Yes,2,Not Graduate,No,5628.0,2161.0,323.0,,1.0,Rural,N
LP3016,Male,Yes,0,Graduate,No,6570.0,1377.0,278.0,180.0,0.0,Urban,N
LP3017,Female,Yes,1,Not Graduate,Yes,4613.0,1747.0,299.0,240.0,1.0,Urban,Y
LP3018,Male,Yes,0,Graduate,No,6997.0,437.0,346.0,360.0,0.0,Semiurban,N
LP3019,Male,No,2,Not Graduate,No,4447.0,3226.0,249.0,360.0,1.0,Semiurban,Y
LP3020,Female,No,0,Graduate,No,3335.0,3300.0,223.0,360.0,1.0,Urban,Y
LP3021,Male,Yes,2,Graduate,No,7005.0,1040.0,332.0,360.0,1.0,Urban,Y
LP3022,Female,No,2,Not Graduate,No,2238.0,1281.0,106.0,360.0,1.0,Semiurban,Y
LP3023,Male,No,0,Graduate,No,2801.0,0.0,129.0,180.0,0.0,Urban,N
LP3024,Male,No,0,Graduate,No,3620.0,1064.0,183.0,360.0,1.0,Rural,Y
LP3025,Male,Yes,0,Graduate,No,4283.0,0.0,210.0,360.0,1.0,Urban,Y
LP3026,Male,Yes,2,Graduate,No,7712.0,1584.0,369.0,360.0,1.0,Rural,Y
LP3027,Female,Yes,0,Graduate,Yes,2723.0,321.0,58.0,360.0,1.0,Rural,N
LP3028,Male,No,0,Not Graduate,Yes,5078.0,1912.0,286.0,360.0,1.0,Semiurban,Y
LP3029,Male,Yes,2,Graduate,Yes,6606.0,3174.0,396.0,360.0,1.0,Urban,Y
LP3030,Male,Yes,0,Graduate,No,6357.0,1153.0,287.0,180.0,1.0,Semiurban,Y
LP3031,Male,Yes,1,Graduate,No,7713.0,0.0,,360.0,1.0,Semiurban,Y
LP3032,Male,Yes,0,Graduate,No,5148.0,0.0,210.0,360.0,1.0,Urban,Y
LP3033,Female,Yes,0,Graduate,No,4217.0,337.0,161.0,360.0,1.0,Rural,Y
LP3034,,Yes,2,Not Graduate,No,9835.0,360.0,478.0,120.0,1.0,Semiurban,Y
LP3035,Male,Yes,0,Not Graduate,No,4140.0,4564.0,279.0,360.0,1.0,Rural,Y
LP3036,Male,Yes,0,Graduate,No,3872.0,0.0,183.0,360.0,1.0,Urban,Y
LP3037,Male,No,2,Graduate,,3740.0,0.0,177.0,120.0,1.0,Urban,N
LP3038,Male,No,0,Not Graduate,No,3675.0,1956.0,192.0,360.0,0.0,Rural,N
LP3039,Male,No,3+,Graduate,Yes,10860.0,605.0,424.0,360.0,1.0,Semiurban,Y
LP3040,Female,No,3+,Graduate,Yes,11669.0,0.0,464.0,360.0,0.0,Semiurban,N
LP3041,Male,Yes,0,Graduate,No,8134.0,507.0,361.0,360.0,1.0,Semiurban,Y
LP3042,Male,Yes,0,Not Graduate,No,7129.0,0.0,294.0,240.0,1.0,Urban,Y
LP3043,Male,No,1,Graduate,Yes,3876.0,0.0,210.0,360.0,1.0,Semiurban,Y
LP3044,Female,Yes,0,Graduate,No,4580.0,0.0,166.0,240.0,1.0,Urban,Y
LP3045,Male,Yes,0,Graduate,No,2538.0,819.0,109.0,360.0,1.0,Semiurban,N
LP3046,Male,Yes,1,Graduate,Yes,5097.0,1820.0,285.0,360.0,1.0,Semiurban,Y
LP3047,Male,Yes,0,Graduate,No,2947.0,0.0,,360.0,1.0,Rural,N
LP3048,Male,Yes,2,Graduate,No,6153.0,0.0,229.0,360.0,1.0,Semiurban,Y
LP3049,Male,Yes,0,Graduate,Yes,4017.0,4129.0,281.0,360.0,1.0,Urban,Y
LP3050,Male,Yes,0,Graduate,No,6388.0,357.0,266.0,360.0,,Semiurban,N
LP3051,Male,No,0,Graduate,No,1271.0,0.0,36.0,360.0,1.0,Urban,Y
LP3052,Male,Yes,3+,Graduate,No,3704.0,0.0,93.0,240.0,1.0,Urban,Y
LP3053,Female,Yes,1,Not Graduate,No,2319.0,0.0,135.0,360.0,1.0,Urban,Y
LP3054,Female,Yes,2,Not Graduate,No,3420.0,0.0,178.0,360.0,1.0,Semiurban,Y
LP3055,Male,No,0,Graduate,No,6637.0,2075.0,,360.0,1.0,Urban,Y
LP3056,Male,Yes,0,Graduate,No,6831.0,1468.0,337.0,360.0,1.0,Semiurban,Y
LP3057,Male,Yes,0,Not Graduate,No,6524.0,700.0,278.0,360.0,1.0,Rural,N
LP3058,Male,Yes,0,Graduate,No,6117.0,3243.0,359.0,360.0,1.0,Semiurban,Y
LP3059,Male,Yes,1,Graduate,No,5746.0,1002.0,268.0,120.0,1.0,Urban,Y
LP3060,Male,No,1,Graduate,No,7506.0,1654.0,306.0,240.0,1.0,Urban,Y
LP3061,Male,No,0,Graduate,No,1570.0,0.0,87.0,360.0,1.0,Semiurban,N
LP3062,Female,Yes,3+,Not Graduate,No,10633.0,0.0,409.0,120.0,0.0,Rural,N
LP3063,Male,Yes,0,Not Graduate,No,5032.0,1363.0,164.0,360.0,0.0,Urban,N
LP3064,Male,No,3+,Graduate,No,7531.0,0.0,307.0,180.0,1.0,Rural,Y
LP3065,Male,Yes,0,Graduate,No,871.0,0.0,10.0,360.0,1.0,Semiurban,Y
LP3066,Male,Yes,0,Graduate,No,5527.0,2833.0,340.0,360.0,1.0,Semiurban,Y
LP3067,Male,Yes,0,Graduate,No,3980.0,0.0,150.0,60.0,1.0,Rural,Y
LP3068,Male,No,0,Graduate,,4856.0,2158.0,261.0,360.0,0.0,Semiurban,N
LP3069,Male,Yes,1,Graduate,No,3328.0,0.0,149.0,,1.0,Rural,N
LP3070,Male,Yes,0,Graduate,No,3597.0,821.0,,360.0,,Urban,N
LP3071,Male,No,0,Not Graduate,No,6973.0,0.0,261.0,360.0,0.0,Semiurban,N
LP3072,Male,Yes,1,Graduate,No,6173.0,1691.0,332.0,360.0,1.0,Semiurban,Y
LP3073,Female,Yes,1,Graduate,No,2190.0,0.0,84.0,360.0,1.0,Urban,N
LP3074,Female,No,2,Graduate,No,3664.0,1713.0,164.0,60.0,1.0,Semiurban,Y
LP3075,Female,Yes,0,Graduate,No,5021.0,771.0,235.0,360.0,1.0,Urban,Y
LP3076,Male,Yes,1,Graduate,No,5541.0,0.0,219.0,180.0,1.0,Urban,Y
LP3077,Male,Yes,1,Graduate,Yes,12460.0,0.0,498.0,360.0,0.0,Urban,N
LP3078,Female,Yes,0,Graduate,No,6097.0,0.0,248.0,360.0,0.0,Semiurban,N
LP3079,Male,Yes,0,Not Graduate,No,2022.0,2135.0,147.0,360.0,1.0,Rural,Y
LP3080,Male,Yes,0,Not Graduate,,5674.0,2241.0,338.0,240.0,1.0,Semiurban,Y
LP3081,Male,Yes,0,Graduate,No,2984.0,0.0,95.0,360.0,1.0,Semiurban,Y
LP3082,Male,No,0,Graduate,No,5132.0,1368.0,184.0,360.0,1.0,Urban,Y
LP3083,Female,Yes,0,Graduate,No,12981.0,337.0,529.0,360.0,1.0,Rural,Y
LP3084,Male,Yes,1,Graduate,No,4448.0,0.0,203.0,240.0,1.0,Semiurban,Y
LP3085,Male,Yes,1,Graduate,No,8299.0,853.0,311.0,360.0,0.0,Rural,N
LP3086,Male,No,3+,Not Graduate,No,5645.0,689.0,257.0,360.0,0.0,Rural,N
LP3087,Male,Yes,1,Graduate,No,10410.0,1482.0,419.0,240.0,1.0,Urban,Y
LP3088,Female,Yes,0,Graduate,Yes,7186.0,0.0,313.0,360.0,1.0,Semiurban,Y
LP3089,Male,Yes,2,Graduate,No,8779.0,0.0,351.0,120.0,,Rural,Y
LP3090,Male,Yes,2,Not Graduate,No,6601.0,0.0,238.0,120.0,1.0,Urban,Y
LP3091,Female,Yes,0,Not Graduate,No,4420.0,2554.0,205.0,360.0,1.0,Semiurban,Y
LP3092,Male,No,1,Graduate,No,9866.0,890.0,487.0,360.0,1.0,Rural,Y
LP3093,Male,Yes,3+,Graduate,No,6273.0,0.0,320.0,360.0,1.0,Urban,Y
LP3094,Male,Yes,0,Graduate,No,4556.0,0.0,150.0,60.0,1.0,Rural,Y
LP3095,Male,Yes,3+,Graduate,No,3980.0,0.0,126.0,,0.0,Rural,N
LP3096,,No,0,Graduate,No,6371.0,2551.0,334.0,180.0,0.0,Semiurban,N
LP3097,Male,Yes,0,Not Graduate,No,9109.0,0.0,353.0,360.0,1.0,Urban,Y
LP3098,Male,Yes,0,Graduate,No,6854.0,775.0,288.0,360.0,1.0,Urban,Y
LP3099,Male,Yes,1,Not Graduate,No,4718.0,1816.0,252.0,360.0,1.0,Urban,N
LP3100,Female,Yes,2,Graduate,No,6738.0,1852.0,383.0,360.0,1.0,Rural,N
LP3101,Male,Yes,3+,Not Graduate,No,7931.0,5871.0,534.0,360.0,1.0,Rural,Y
LP3102,Male,Yes,0,Graduate,No,2483.0,0.0,90.0,360.0,1.0,Semiurban,Y
LP3103,Male,Yes,0,Graduate,No,2999.0,1424.0,184.0,360.0,,Urban,Y
LP3104,Male,Yes,2,Graduate,No,7603.0,1404.0,291.0,360.0,1.0,Urban,Y
LP3105,Male,Yes,1,Graduate,No,2939.0,797.0,146.0,360.0,1.0,Semiurban,Y
LP3106,Female,Yes,0,Not Graduate,No,5128.0,0.0,198.0,360.0,1.0,Semiurban,N
LP3107,Female,Yes,0,Graduate,No,5905.0,0.0,265.0,360.0,1.0,Rural,Y
LP3108,Male,No,1,Graduate,No,3451.0,1255.0,194.0,360.0,1.0,Semiurban,Y
LP3109,Female,No,2,Graduate,Yes,5224.0,578.0,236.0,180.0,1.0,Rural,N
LP3110,Male,No,0,Graduate,No,5944.0,2654.0,331.0,360.0,,Semiurban,Y
LP3111,Male,No,0,Graduate,No,9290.0,1987.0,418.0,60.0,1.0,Semiurban,Y
LP3112,Male,Yes,3+,Graduate,No,8860.0,462.0,397.0,360.0,0.0,Semiurban,N
LP3113,Female,No,1,Graduate,No,6359.0,0.0,268.0,180.0,0.0,Rural,N
LP3114,Male,Yes,0,Graduate,No,4221.0,1506.0,209.0,360.0,1.0,Semiurban,Y
LP3115,Male,Yes,0,Not Graduate,No,8944.0,2277.0,429.0,360.0,1.0,Semiurban,Y
LP3116,Male,Yes,1,Not Graduate,No,9080.0,1263.0,426.0,360.0,1.0,Urban,Y
LP3117,Male,Yes,0,Graduate,Yes,3941.0,2187.0,251.0,360.0,,Urban,Y
LP3118,Male,No,0,Graduate,No,6111.0,0.0,234.0,360.0,1.0,Semiurban,Y
LP3119,Female,Yes,0,Graduate,Yes,4558.0,0.0,156.0,360.0,1.0,Urban,Y
LP3120,Female,Yes,0,Graduate,No,6458.0,713.0,266.0,360.0,,Urban,Y
LP3121,Male,No,1,Graduate,No,3805.0,0.0,140.0,360.0,0.0,Semiurban,N
LP3122,Female,Yes,0,Graduate,,7892.0,1295.0,358.0,360.0,1.0,Urban,Y
LP3123,Male,Yes,1,Graduate,No,6476.0,2920.0,383.0,360.0,1.0,Rural,Y
LP3124,Female,No,0,Graduate,No,3809.0,0.0,138.0,360.0,,Semiurban,Y
LP3125,Male,Yes,0,Graduate,No,7590.0,1766.0,368.0,360.0,1.0,Semiurban,Y
LP3126,Male,Yes,0,Not Graduate,No,4205.0,0.0,163.0,360.0,1.0,Urban,Y
LP3127,Male,Yes,3+,Graduate,Yes,2218.0,1195.0,125.0,360.0,1.0,Urban,N
LP3128,Female,Yes,2,Graduate,,3420.0,0.0,146.0,360.0,1.0,Semiurban,Y
LP3129,Male,No,0,Not Graduate,No,8276.0,1066.0,399.0,360.0,1.0,Rural,Y
LP3130,Male,Yes,2,Graduate,Yes,10952.0,4024.0,566.0,360.0,1.0,Rural,Y
LP3131,Male,Yes,1,Graduate,No,11074.0,1168.0,401.0,360.0,0.0,Urban,N
LP3132,,Yes,3+,Graduate,No,4325.0,3827.0,282.0,60.0,0.0,Semiurban,N
LP3133,Male,Yes,0,Graduate,No,5125.0,1194.0,288.0,60.0,1.0,Urban,Y
LP3134,Male,No,1,Graduate,No,4600.0,1547.0,265.0,360.0,1.0,Rural,Y
LP3135,Female,Yes,0,Graduate,No,5562.0,1363.0,287.0,360.0,0.0,Rural,N
LP3136,Male,Yes,0,Graduate,No,2885.0,3975.0,270.0,360.0,0.0,Semiurban,N
LP3137,Male,Yes,3+,Not Graduate,,4381.0,2453.0,274.0,360.0,,Semiurban,N
LP3138,Male,No,0,Graduate,No,6120.0,0.0,280.0,360.0,1.0,Rural,Y
LP3139,Female,No,0,Not Graduate,No,8294.0,355.0,309.0,360.0,1.0,Semiurban,Y
LP3140,Female,Yes,0,Graduate,No,6358.0,0.0,253.0,360.0,1.0,Semiurban,Y
LP3141,Male,Yes,1,Not Graduate,No,5020.0,0.0,205.0,180.0,1.0,Rural,Y
LP3142,Male,Yes,1,Graduate,No,3462.0,0.0,140.0,180.0,1.0,Semiurban,Y
LP3143,Male,No,0,Graduate,No,8513.0,0.0,323.0,60.0,0.0,Semiurban,N
LP3144,Male,Yes,3+,Graduate,No,2692.0,784.0,136.0,360.0,1.0,Rural,Y
LP3145,Female,No,0,Graduate,No,2975.0,0.0,68.0,240.0,,Semiurban,N
LP3146,Male,Yes,0,Graduate,No,7240.0,660.0,323.0,360.0,1.0,Semiurban,Y
LP3147,Male,No,3+,Graduate,No,7683.0,210.0,293.0,360.0,1.0,Urban,Y
LP3148,Male,Yes,0,Not Graduate,No,1520.0,1567.0,43.0,240.0,1.0,Urban,Y
LP3149,Female,Yes,0,Not Graduate,No,5040.0,1803.0,256.0,120.0,1.0,Urban,Y
LP3150,Male,Yes,0,Graduate,No,2027.0,0.0,128.0,360.0,,Semiurban,N
LP3151,Male,Yes,2,Graduate,No,5181.0,361.0,161.0,360.0,0.0,Semiurban,N
LP3152,Male,No,0,Graduate,No,4693.0,788.0,204.0,360.0,0.0,Rural,N
LP3153,Female,No,3+,Graduate,No,9916.0,0.0,348.0,360.0,1.0,Semiurban,Y
LP3154,Male,No,2,Not Graduate,No,6774.0,0.0,,180.0,1.0,Rural,Y
LP3155,Male,Yes,0,Graduate,No,6872.0,0.0,301.0,360.0,1.0,Urban,Y
LP3156,,Yes,1,Not Graduate,No,9196.0,0.0,344.0,,1.0,Rural,Y
LP3157,Male,No,0,Graduate,No,9348.0,735.0,,360.0,0.0,Semiurban,Y
LP3158,Male,Yes,0,Graduate,No,5960.0,0.0,234.0,360.0,1.0,Semiurban,N
LP3159,,,2,Graduate,Yes,4148.0,392.0,215.0,120.0,1.0,Urban,Y
LP3160,Male,Yes,3+,Graduate,Yes,8094.0,263.0,290.0,360.0,1.0,Semiurban,Y
LP3161,Male,Yes,0,Graduate,Yes,7917.0,0.0,303.0,360.0,1.0,Semiurban,Y
LP3162,Male,Yes,0,Not Graduate,,7208.0,1224.0,372.0,240.0,1.0,Semiurban,Y
LP3163,Female,Yes,0,Graduate,Yes,5948.0,0.0,,360.0,1.0,Rural,Y
LP3164,Male,Yes,0,Graduate,No,5158.0,0.0,194.0,180.0,1.0,Rural,Y
LP3165,Female,No,0,Graduate,No,9360.0,717.0,401.0,180.0,1.0,Rural,Y
LP3166,Male,Yes,0,Graduate,No,4686.0,0.0,257.0,360.0,1.0,Semiurban,N
LP3167,Male,Yes,1,Graduate,No,4059.0,0.0,129.0,360.0,1.0,Rural,Y
LP3168,Male,Yes,0,Graduate,No,5010.0,0.0,223.0,360.0,,Rural,N
LP3169,Male,No,0,Graduate,No,3764.0,720.0,137.0,360.0,1.0,Urban,Y
LP3170,Male,Yes,2,Not Graduate,No,7933.0,1793.0,341.0,360.0,1.0,Semiurban,Y
LP3171,Male,Yes,2,Graduate,Yes,5951.0,1783.0,276.0,360.0,1.0,Urban,Y
LP3172,Male,Yes,,Not Graduate,No,2095.0,1380.0,139.0,360.0,1.0,Urban,N
LP3173,Female,Yes,0,Graduate,No,6787.0,0.0,255.0,360.0,1.0,Urban,Y
LP3174,Male,Yes,1,Not Graduate,No,5087.0,0.0,207.0,360.0,1.0,Urban,Y
LP3175,Female,No,0,Graduate,No,5635.0,0.0,204.0,360.0,1.0,Semiurban,Y
LP3176,Male,No,,Graduate,No,6278.0,398.0,266.0,360.0,1.0,Semiurban,Y
LP3177,Male,Yes,1,Not Graduate,No,4430.0,1438.0,181.0,360.0,1.0,Urban,Y
LP3178,Male,Yes,0,Graduate,Yes,4039.0,0.0,123.0,360.0,0.0,Rural,N
LP3179,Male,No,0,Graduate,No,7220.0,0.0,273.0,180.0,1.0,Rural,Y
LP3180,Male,Yes,0,Graduate,Yes,3150.0,0.0,144.0,360.0,1.0,Rural,N
LP3181,Male,No,0,Not Graduate,No,3563.0,2407.0,221.0,120.0,1.0,Semiurban,Y
LP3182,Male,Yes,0,Not Graduate,No,3922.0,1561.0,180.0,360.0,1.0,Semiurban,Y
LP3183,Male,No,3+,Graduate,No,8457.0,0.0,304.0,360.0,1.0,Urban,Y
LP3184,Male,No,0,Graduate,No,9525.0,0.0,412.0,180.0,1.0,Urban,Y
LP3185,Female,No,0,Not Graduate,No,3906.0,0.0,197.0,360.0,1.0,Urban,Y
LP3186,Female,No,,Graduate,No,3595.0,515.0,174.0,360.0,1.0,Semiurban,N
LP3187,Male,Yes,3+,Graduate,No,5920.0,640.0,267.0,360.0,1.0,Rural,N
LP3188,Male,No,0,Graduate,No,5084.0,0.0,139.0,360.0,1.0,Urban,Y
LP3189,Male,Yes,0,Graduate,,7998.0,0.0,338.0,360.0,1.0,Urban,Y
LP3190,Male,Yes,2,Graduate,No,6966.0,0.0,326.0,360.0,1.0,Urban,Y
LP3191,Female,No,0,Graduate,Yes,11358.0,251.0,494.0,360.0,,Semiurban,Y
LP3192,Male,No,0,Graduate,No,3673.0,1951.0,236.0,240.0,1.0,Urban,Y
LP3193,Male,No,0,Graduate,,7944.0,1617.0,317.0,180.0,1.0,Semiurban,Y
LP3194,Male,Yes,0,Graduate,Yes,4692.0,1540.0,213.0,360.0,1.0,Urban,Y
LP3195,Male,No,0,Graduate,Yes,3493.0,0.0,135.0,240.0,1.0,Semiurban,Y
LP3196,Male,No,1,Not Graduate,No,4655.0,1128.0,199.0,360.0,1.0,Urban,Y
LP3197,Female,Yes,0,Graduate,No,4880.0,0.0,160.0,360.0,1.0,Semiurban,N
LP3198,Male,Yes,1,Graduate,No,9142.0,0.0,378.0,180.0,1.0,Urban,Y
LP3199,Male,Yes,0,Not Graduate,No,2603.0,963.0,163.0,360.0,1.0,Rural,Y
LP3200,Female,Yes,0,Graduate,No,3960.0,422.0,129.0,360.0,0.0,Semiurban,N
LP3201,Male,No,0,Graduate,No,5796.0,1667.0,313.0,360.0,1.0,Semiurban,Y
LP3202,Male,Yes,3+,Graduate,No,3385.0,1690.0,193.0,360.0,0.0,Semiurban,N
LP3203,Male,No,0,Graduate,No,10858.0,1290.0,522.0,360.0,1.0,Semiurban,Y
LP3204,Male,No,1,Not Graduate,No,11614.0,0.0,488.0,180.0,1.0,Urban,Y
LP3205,Female,Yes,0,Not Graduate,No,5589.0,2832.0,312.0,,0.0,Semiurban,N
LP3206,Male,No,0,Graduate,No,7230.0,857.0,319.0,360.0,1.0,Semiurban,Y
LP3207,Female,Yes,0,Graduate,No,10069.0,2009.0,463.0,360.0,1.0,Semiurban,Y
LP3208,Male,No,0,Graduate,No,5242.0,415.0,277.0,180.0,1.0,Semiurban,Y
LP3209,Female,Yes,0,Graduate,Yes,7041.0,1362.0,341.0,360.0,1.0,Rural,Y
LP3210,Male,No,0,Graduate,Yes,3188.0,1135.0,151.0,360.0,1.0,Semiurban,Y
LP3211,Female,Yes,2,Graduate,No,2136.0,0.0,103.0,180.0,1.0,Urban,Y
LP3212,Male,Yes,0,Graduate,No,8359.0,914.0,376.0,360.0,,Semiurban,N
LP3213,Female,No,1,Graduate,No,5390.0,2933.0,291.0,360.0,1.0,Urban,Y
LP3214,Male,Yes,0,Not Graduate,No,11459.0,0.0,434.0,360.0,1.0,Semiurban,Y
LP3215,Male,Yes,0,Graduate,Yes,4251.0,422.0,218.0,360.0,1.0,Semiurban,Y
LP3216,Female,Yes,1,Graduate,Yes,3062.0,0.0,115.0,360.0,,Urban,Y
LP3217,Male,No,0,Graduate,No,7995.0,0.0,310.0,360.0,1.0,Rural,Y
LP3218,Female,Yes,0,Graduate,No,11044.0,377.0,471.0,360.0,,Semiurban,Y
LP3219,Male,Yes,1,Graduate,No,3205.0,1834.0,168.0,60.0,1.0,Urban,Y
LP3220,Male,Yes,2,Graduate,No,3652.0,0.0,153.0,360.0,1.0,Urban,Y
LP3221,Male,Yes,0,Graduate,No,9895.0,702.0,405.0,360.0,1.0,Semiurban,Y
LP3222,Male,Yes,0,Graduate,No,13051.0,1590.0,492.0,180.0,1.0,Rural,Y
LP3223,Male,Yes,2,Not Graduate,No,7067.0,3594.0,402.0,,0.0,Semiurban,N
LP3224,Male,Yes,0,Graduate,No,4077.0,1156.0,206.0,360.0,1.0,Rural,Y
LP3225,Male,Yes,1,Graduate,No,9505.0,311.0,400.0,360.0,1.0,Urban,Y
LP3226,Male,Yes,0,Graduate,No,4924.0,799.0,159.0,360.0,1.0,Semiurban,Y
LP3227,Male,No,0,Not Graduate,Yes,4137.0,3900.0,242.0,360.0,0.0,Rural,N
LP3228,Male,Yes,1,Graduate,Yes,4421.0,0.0,212.0,360.0,1.0,Semiurban,N
LP3229,Male,Yes,0,Graduate,Yes,7537.0,0.0,304.0,180.0,1.0,Urban,Y
LP3230,Male,No,0,Not Graduate,Yes,5727.0,0.0,172.0,360.0,1.0,Semiurban,Y
LP3231,Male,Yes,0,Graduate,No,6889.0,2890.0,365.0,360.0,1.0,Semiurban,Y
LP3232,Female,No,2,Graduate,No,8096.0,0.0,277.0,360.0,1.0,Semiurban,Y
LP3233,Female,Yes,1,Graduate,No,5043.0,0.0,185.0,180.0,,Rural,Y
LP3234,Male,Yes,0,Graduate,No,8555.0,2620.0,428.0,360.0,1.0,Rural,Y
LP3235,Male,Yes,0,Graduate,No,5632.0,4237.0,360.0,180.0,0.0,Semiurban,N
LP3236,Female,No,1,Graduate,No,4451.0,718.0,230.0,360.0,1.0,Urban,Y
LP3237,Male,No,2,Not Graduate,No,2739.0,0.0,124.0,360.0,1.0,Semiurban,N
LP3238,Male,Yes,1,Graduate,No,4946.0,0.0,214.0,360.0,,Rural,Y
LP3239,Male,Yes,0,Graduate,No,10355.0,0.0,403.0,360.0,1.0,Rural,Y
LP3240,Male,No,1,Graduate,No,7911.0,0.0,291.0,360.0,1.0,Urban,Y
LP3241,Male,Yes,1,Not Graduate,No,6870.0,0.0,276.0,360.0,1.0,Semiurban,Y
LP3242,Male,Yes,0,Graduate,No,3338.0,0.0,164.0,240.0,0.0,Urban,N
LP3243,Female,No,0,Graduate,No,4384.0,0.0,200.0,360.0,1.0,Urban,N
LP3244,Female,No,0,Graduate,No,7427.0,337.0,301.0,360.0,,Semiurban,Y
LP3245,Male,Yes,1,Graduate,Yes,8248.0,0.0,328.0,180.0,1.0,Semiurban,Y
LP3246,Male,No,0,Graduate,Yes,7992.0,0.0,293.0,360.0,1.0,Urban,Y
LP3247,Female,No,1,Graduate,No,6282.0,1797.0,340.0,,,Rural,Y
LP3248,Male,Yes,3+,Graduate,No,3870.0,1401.0,245.0,360.0,1.0,Rural,N
LP3249,Male,Yes,2,Not Graduate,No,8257.0,3230.0,440.0,360.0,1.0,Rural,Y
LP3250,Male,Yes,3+,Graduate,,4370.0,1725.0,177.0,360.0,0.0,Urban,N
LP3251,Female,No,3+,Graduate,No,8307.0,987.0,382.0,360.0,1.0,Semiurban,Y
LP3252,Male,No,0,Not Graduate,No,4951.0,1508.0,293.0,120.0,1.0,Semiurban,Y
LP3253,Female,Yes,1,Not Graduate,No,11199.0,945.0,443.0,360.0,1.0,Urban,Y
LP3254,Female,No,0,Graduate,,4714.0,749.0,236.0,180.0,1.0,Semiurban,Y
LP3255,Male,Yes,2,Not Graduate,No,4673.0,0.0,181.0,360.0,1.0,Rural,Y
LP3256,Male,Yes,0,Graduate,No,5415.0,949.0,282.0,360.0,1.0,Urban,Y
LP3257,Male,Yes,3+,Graduate,No,3897.0,260.0,129.0,240.0,1.0,Rural,Y
LP3258,Male,Yes,1,Not Graduate,No,3573.0,1810.0,184.0,360.0,1.0,Rural,N
LP3259,Male,No,2,Graduate,,3835.0,993.0,136.0,240.0,0.0,Semiurban,N
LP3260,Male,Yes,0,Graduate,No,9735.0,3648.0,,360.0,,Rural,Y
LP3261,Male,No,0,Graduate,No,3681.0,2027.0,225.0,240.0,1.0,Semiurban,Y
LP3262,Female,Yes,2,Graduate,No,4693.0,3528.0,,360.0,1.0,Semiurban,Y
LP3263,Male,Yes,0,Graduate,No,13589.0,0.0,,360.0,1.0,Semiurban,Y
LP3264,Male,No,2,Graduate,,8420.0,0.0,324.0,360.0,1.0,Rural,Y
LP3265,Male,Yes,0,Not Graduate,No,8355.0,1740.0,377.0,180.0,1.0,Urban,N
LP3266,Male,Yes,1,Graduate,No,12656.0,2416.0,605.0,360.0,0.0,Urban,N
LP3267,Male,Yes,0,Graduate,Yes,5345.0,0.0,170.0,60.0,1.0,Semiurban,Y
LP3268,Male,No,1,Not Graduate,No,2210.0,2301.0,147.0,360.0,1.0,Urban,Y
LP3269,Male,Yes,1,Graduate,,8011.0,399.0,288.0,360.0,1.0,Semiurban,Y
LP3270,Male,Yes,0,Graduate,No,5086.0,0.0,191.0,360.0,1.0,Semiurban,Y
LP3271,Male,Yes,0,Graduate,No,13645.0,829.0,570.0,360.0,,Rural,Y
LP3272,Male,Yes,0,Graduate,No,2067.0,1601.0,194.0,360.0,0.0,Semiurban,N
LP3273,Male,No,1,Graduate,No,3574.0,929.0,151.0,360.0,1.0,Urban,Y
LP3274,Female,Yes,0,Graduate,No,4293.0,415.0,,180.0,0.0,Urban,N
LP3275,Male,Yes,1,Graduate,No,5393.0,0.0,164.0,360.0,1.0,Semiurban,Y
LP3276,Male,Yes,0,Graduate,No,2928.0,450.0,132.0,360.0,1.0,Semiurban,Y
LP3277,Male,Yes,0,Graduate,No,6578.0,1632.0,313.0,360.0,1.0,Semiurban,Y
LP3278,Male,No,0,Not Graduate,No,4183.0,1677.0,240.0,120.0,,Urban,Y
LP3279,Male,Yes,0,Graduate,No,8669.0,0.0,330.0,360.0,1.0,Urban,Y
LP3280,Male,No,0,Graduate,No,10034.0,1854.0,433.0,360.0,0.0,Urban,N
LP3281,Male,Yes,3+,Graduate,,4820.0,1171.0,166.0,360.0,0.0,Urban,Y
LP3282,Male,Yes,2,Not Graduate,No,7061.0,0.0,292.0,180.0,1.0,Semiurban,Y
LP3283,Male,No,0,Graduate,No,5612.0,1326.0,245.0,60.0,,Rural,Y
LP3284,Male,Yes,1,Not Graduate,No,5422.0,0.0,248.0,120.0,1.0,Urban,Y
LP3285,Male,No,2,Graduate,No,2817.0,654.0,148.0,240.0,0.0,Semiurban,N
LP3286,Female,No,0,Not Graduate,Yes,5288.0,213.0,253.0,360.0,1.0,Semiurban,Y
LP3287,Male,Yes,0,Graduate,,8280.0,1180.0,340.0,360.0,1.0,Urban,Y
LP3288,,Yes,0,Graduate,,6655.0,1431.0,315.0,360.0,1.0,Semiurban,Y
LP3289,Male,No,0,Graduate,No,3618.0,531.0,166.0,360.0,1.0,Semiurban,Y
LP3290,Male,Yes,3+,Graduate,No,2829.0,618.0,117.0,360.0,1.0,Semiurban,Y
LP3291,Male,Yes,1,Graduate,Yes,5202.0,0.0,245.0,360.0,1.0,Rural,Y
LP3292,Male,Yes,0,Graduate,No,3937.0,2025.0,242.0,360.0,1.0,Urban,Y
LP3293,Male,Yes,,Graduate,Yes,4151.0,1140.0,261.0,360.0,1.0,Rural,N
LP3294,Male,No,2,Graduate,No,3969.0,0.0,180.0,360.0,1.0,Semiurban,Y
LP3295,Male,Yes,2,Graduate,No,5646.0,0.0,282.0,360.0,1.0,Semiurban,Y
LP3296,Male,Yes,1,Graduate,No,7282.0,1419.0,389.0,180.0,1.0,Rural,Y
LP3297,Male,Yes,1,Graduate,Yes,3868.0,0.0,140.0,360.0,1.0,Rural,N
LP3298,Male,Yes,0,Graduate,No,3789.0,0.0,107.0,120.0,1.0,Semiurban,Y
LP3299,Male,Yes,2,Graduate,No,3061.0,103.0,176.0,360.0,1.0,Semiurban,N
LP3300,Female,No,2,Graduate,No,6067.0,1268.0,302.0,360.0,1.0,Semiurban,Y
LP3301,Male,Yes,0,Graduate,No,8190.0,1952.0,402.0,360.0,1.0,Semiurban,Y
LP3302,Male,No,1,Graduate,Yes,5323.0,0.0,199.0,360.0,1.0,Urban,Y
LP3303,Male,No,0,Graduate,No,7298.0,365.0,315.0,180.0,1.0,Urban,Y
LP3304,Female,Yes,0,Graduate,,9194.0,3868.0,514.0,360.0,1.0,Rural,Y
LP3305,Male,Yes,0,Graduate,No,6246.0,2009.0,330.0,240.0,1.0,Urban,Y
LP3306,Male,Yes,0,Not Graduate,No,3661.0,0.0,128.0,360.0,0.0,Urban,N
LP3307,Male,Yes,0,Graduate,No,3472.0,2413.0,258.0,360.0,1.0,Rural,N
LP3308,Male,No,0,Graduate,No,3765.0,1653.0,204.0,360.0,1.0,Urban,Y
LP3309,Male,No,0,Graduate,No,11812.0,4208.0,619.0,360.0,1.0,Urban,Y
LP3310,Male,Yes,0,Graduate,No,13328.0,1526.0,604.0,360.0,0.0,Semiurban,N
LP3311,Female,Yes,0,Graduate,No,4732.0,0.0,253.0,360.0,1.0,Semiurban,Y
LP3312,Male,No,0,Graduate,No,8990.0,2415.0,444.0,,,Rural,N
LP3313,Male,No,1,Not Graduate,No,9712.0,2566.0,464.0,360.0,1.0,Semiurban,Y
LP3314,Female,Yes,0,Not Graduate,No,2850.0,1827.0,226.0,360.0,1.0,Semiurban,N
LP3315,Male,Yes,0,Graduate,No,11506.0,0.0,493.0,120.0,1.0,Semiurban,Y
LP3316,Male,Yes,2,Graduate,Yes,4997.0,2408.0,281.0,360.0,1.0,Semiurban,N
LP3317,Male,No,1,Graduate,Yes,4884.0,829.0,228.0,360.0,1.0,Semiurban,Y
LP3318,Male,Yes,2,Graduate,,3120.0,1358.0,107.0,360.0,1.0,Rural,Y
LP3319,Male,Yes,0,Not Graduate,Yes,11847.0,616.0,490.0,240.0,1.0,Semiurban,Y
LP3320,Female,Yes,0,Graduate,No,5791.0,0.0,190.0,360.0,1.0,Semiurban,Y
LP3321,Male,Yes,1,Graduate,Yes,11309.0,1165.0,407.0,360.0,1.0,Urban,Y
LP3322,Male,Yes,0,Graduate,No,9443.0,1691.0,411.0,60.0,1.0,Semiurban,Y
LP3323,Male,No,0,Graduate,No,4772.0,4105.0,273.0,180.0,,Urban,Y
LP3324,Female,Yes,0,Not Graduate,No,5877.0,0.0,224.0,360.0,,Semiurban,Y
LP3325,Female,Yes,2,Graduate,No,4115.0,0.0,174.0,180.0,1.0,Rural,Y
LP3326,Female,Yes,0,Graduate,,4347.0,1213.0,226.0,360.0,1.0,Semiurban,Y
LP3327,Male,Yes,3+,Graduate,No,6825.0,0.0,270.0,360.0,,Urban,Y
LP3328,Male,Yes,2,Not Graduate,No,7805.0,1035.0,305.0,360.0,1.0,Rural,Y
LP3329,Male,Yes,0,Graduate,No,2171.0,0.0,83.0,360.0,1.0,Urban,Y
LP3330,Male,Yes,1,Not Graduate,Yes,2204.0,581.0,74.0,360.0,0.0,Semiurban,N
LP3331,Male,Yes,1,Graduate,Yes,4404.0,1305.0,257.0,360.0,1.0,Semiurban,Y
LP3332,Male,Yes,2,Not Graduate,Yes,6377.0,1671.0,301.0,360.0,0.0,Urban,N
LP3333,Male,Yes,0,Graduate,No,9786.0,2668.0,437.0,240.0,,Rural,Y
LP3334,Male,No,2,Graduate,No,5751.0,0.0,199.0,360.0,1.0,Urban,Y
LP3335,Male,No,0,Graduate,No,4985.0,0.0,,360.0,0.0,Rural,N
LP3336,Male,Yes,3+,Graduate,No,7241.0,652.0,311.0,360.0,1.0,Urban,Y
LP3337,Male,Yes,0,Graduate,No,3632.0,4440.0,273.0,360.0,0.0,Urban,N
LP3338,Male,No,0,Not Graduate,No,5817.0,732.0,284.0,60.0,1.0,Urban,Y
LP3339,Male,Yes,2,Graduate,No,5270.0,0.0,182.0,360.0,1.0,Urban,N
LP3340,Male,No,2,Graduate,No,6021.0,797.0,295.0,360.0,1.0,Semiurban,Y
LP3341,Male,No,1,Graduate,No,9233.0,358.0,377.0,60.0,1.0,Semiurban,Y
LP3342,Male,Yes,0,Graduate,No,2384.0,0.0,121.0,360.0,0.0,Rural,N
LP3343,Male,Yes,0,Not Graduate,No,5405.0,1277.0,236.0,360.0,1.0,Urban,N
LP3344,Female,No,3+,Graduate,No,7791.0,0.0,335.0,360.0,1.0,Semiurban,Y
LP3345,Male,Yes,2,Not Graduate,Yes,7022.0,0.0,257.0,360.0,0.0,Semiurban,N
LP3346,Male,Yes,2,Not Graduate,No,2496.0,0.0,149.0,360.0,0.0,Semiurban,N
LP3347,Male,Yes,0,Graduate,No,2199.0,0.0,86.0,360.0,1.0,Semiurban,Y
LP3348,Male,Yes,,Graduate,No,7539.0,0.0,289.0,360.0,1.0,Semiurban,Y
LP3349,Male,No,1,Not Graduate,No,2440.0,904.0,90.0,240.0,1.0,Urban,N
LP3350,Male,No,,Graduate,Yes,5866.0,374.0,251.0,360.0,1.0,Rural,Y
LP3351,Female,No,0,Graduate,No,8960.0,251.0,361.0,360.0,0.0,Semiurban,N
LP3352,Male,Yes,2,Graduate,No,2752.0,0.0,70.0,360.0,0.0,Semiurban,N
LP3353,Female,Yes,0,Graduate,No,11337.0,984.0,461.0,360.0,1.0,Urban,Y
LP3354,Male,Yes,0,Not Graduate,Yes,7426.0,965.0,267.0,360.0,,Urban,Y
LP3355,Male,Yes,0,Graduate,,16697.0,1797.0,688.0,120.0,1.0,Semiurban,Y
LP3356,Female,Yes,0,Graduate,No,4473.0,0.0,175.0,360.0,1.0,Urban,Y
LP3357,Male,No,0,Not Graduate,No,9987.0,350.0,421.0,360.0,1.0,Urban,Y
LP3358,Male,No,0,Graduate,No,4704.0,0.0,178.0,360.0,1.0,Rural,Y
LP3359,Male,Yes,0,Graduate,No,5703.0,1527.0,288.0,360.0,1.0,Semiurban,Y
LP3360,Male,Yes,2,Graduate,No,4073.0,0.0,134.0,240.0,1.0,Semiurban,N
LP3361,Male,Yes,0,Graduate,No,5580.0,0.0,237.0,240.0,1.0,Urban,Y
LP3362,Male,Yes,0,Graduate,No,8419.0,500.0,349.0,360.0,1.0,Rural,Y
LP3363,Male,No,0,Graduate,No,11516.0,1685.0,505.0,,,Urban,Y
LP3364,Male,Yes,0,Graduate,Yes,3692.0,1496.0,192.0,360.0,1.0,Rural,N
LP3365,Male,No,2,Graduate,No,6099.0,0.0,226.0,360.0,1.0,Rural,Y
LP3366,Male,Yes,0,Graduate,No,4317.0,1087.0,159.0,240.0,1.0,Semiurban,Y
LP3367,Male,Yes,2,Not Graduate,No,6245.0,895.0,245.0,360.0,1.0,Rural,Y
LP3368,Male,No,1,Graduate,No,8976.0,656.0,336.0,360.0,1.0,Semiurban,Y
LP3369,Male,Yes,0,Not Graduate,No,4490.0,990.0,202.0,360.0,1.0,Urban,Y
LP3370,Male,Yes,0,Not Graduate,No,6880.0,268.0,304.0,360.0,1.0,Urban,N
LP3371,Female,Yes,0,Graduate,No,3583.0,0.0,188.0,360.0,1.0,Urban,N
LP3372,Male,Yes,0,Not Graduate,,9309.0,0.0,359.0,180.0,1.0,Urban,Y
LP3373,Male,No,1,Graduate,No,7918.0,0.0,312.0,360.0,1.0,Semiurban,Y
LP3374,Male,Yes,1,Not Graduate,No,3881.0,1221.0,248.0,360.0,1.0,Urban,Y
LP3375,Male,No,0,Graduate,,3836.0,184.0,147.0,360.0,1.0,Rural,N
LP3376,Male,Yes,,Graduate,No,10246.0,1434.0,434.0,360.0,1.0,Urban,Y
LP3377,Male,Yes,0,Graduate,No,12995.0,0.0,516.0,180.0,1.0,Semiurban,Y
LP3378,Male,No,,Graduate,No,3962.0,1681.0,196.0,240.0,,Rural,Y
LP3379,Male,Yes,0,Graduate,Yes,8446.0,0.0,317.0,60.0,1.0,Urban,Y
LP3380,Female,Yes,0,Graduate,No,4792.0,2805.0,234.0,360.0,1.0,Semiurban,Y
LP3381,Female,Yes,0,Graduate,No,10254.0,0.0,458.0,60.0,0.0,Semiurban,N
LP3382,Female,Yes,1,Graduate,No,4907.0,1122.0,246.0,360.0,1.0,Urban,N
LP3383,Male,Yes,2,Graduate,No,7635.0,634.0,373.0,360.0,1.0,Semiurban,Y
LP3384,Male,Yes,0,Graduate,No,6013.0,0.0,269.0,180.0,1.0,Urban,Y
LP3385,Male,Yes,0,Graduate,No,1853.0,0.0,75.0,360.0,1.0,Rural,Y
LP3386,Male,Yes,3+,Graduate,No,3710.0,1080.0,131.0,360.0,1.0,Semiurban,Y
LP3387,Male,No,0,Not Graduate,No,7572.0,0.0,276.0,120.0,1.0,Semiurban,Y
LP3388,Male,Yes,1,Not Graduate,No,7164.0,1990.0,336.0,180.0,0.0,Rural,N
LP3389,Male,No,0,Graduate,No,6375.0,1415.0,269.0,360.0,,Urban,Y
LP3390,Male,Yes,1,Graduate,Yes,11701.0,0.0,413.0,180.0,0.0,Semiurban,N
LP3391,Male,Yes,0,Graduate,No,8185.0,2117.0,364.0,180.0,1.0,Rural,Y
LP3392,Male,No,3+,Graduate,Yes,7731.0,777.0,327.0,240.0,1.0,Rural,Y
LP3393,Male,Yes,1,Graduate,No,1837.0,363.0,132.0,360.0,1.0,Rural,N
LP3394,Female,No,2,Not Graduate,No,8371.0,580.0,332.0,360.0,1.0,Semiurban,Y
LP3395,Male,Yes,1,Graduate,No,2568.0,0.0,122.0,180.0,1.0,Rural,N
LP3396,Male,Yes,1,Graduate,No,5586.0,1667.0,244.0,360.0,1.0,Urban,Y
LP3397,Male,Yes,0,Graduate,Yes,2583.0,2847.0,182.0,360.0,1.0,Semiurban,N
LP3398,Male,Yes,2,Graduate,No,6959.0,1793.0,331.0,360.0,1.0,Urban,Y
LP3399,Male,No,3+,Graduate,Yes,9144.0,0.0,414.0,360.0,1.0,Rural,Y
LP3400,Male,Yes,0,Graduate,Yes,5379.0,0.0,135.0,60.0,,Semiurban,Y
LP3401,Male,No,3+,Graduate,No,5460.0,0.0,194.0,,1.0,Semiurban,Y
LP3402,Male,No,1,Not Graduate,Yes,3543.0,724.0,171.0,360.0,1.0,Urban,N
LP3403,Male,Yes,0,Graduate,No,9074.0,586.0,393.0,180.0,1.0,Rural,Y
LP3404,Male,Yes,0,Not Graduate,No,2710.0,755.0,96.0,360.0,1.0,Rural,Y
LP3405,Male,No,0,Graduate,Yes,6014.0,0.0,239.0,360.0,1.0,Semiurban,Y
LP3406,Male,No,0,Graduate,Yes,5345.0,0.0,214.0,360.0,1.0,Urban,Y
LP3407,Male,Yes,0,Graduate,No,6648.0,0.0,310.0,360.0,1.0,Semiurban,Y
LP3408,Female,Yes,0,Graduate,No,8000.0,1704.0,377.0,120.0,0.0,Urban,N
LP3409,Male,Yes,0,Graduate,No,5202.0,1686.0,254.0,360.0,1.0,Semiurban,Y
LP3410,Male,No,0,Graduate,No,8396.0,0.0,315.0,360.0,0.0,Urban,N
LP3411,Male,Yes,3+,Graduate,No,5507.0,1017.0,269.0,60.0,,Urban,Y
LP3412,Male,No,0,Graduate,No,6544.0,0.0,254.0,360.0,,Urban,N
LP3413,Male,Yes,0,Graduate,No,3248.0,2162.0,178.0,360.0,1.0,Urban,Y
LP3414,,Yes,0,Graduate,No,4600.0,747.0,177.0,360.0,1.0,Urban,Y
LP3415,Female,Yes,0,Graduate,,2432.0,0.0,88.0,60.0,,Rural,Y
LP3416,Male,Yes,2,Not Graduate,No,5765.0,0.0,252.0,360.0,0.0,Semiurban,N
LP3417,Male,Yes,1,Graduate,No,7799.0,0.0,297.0,360.0,0.0,Semiurban,N
LP3418,Male,Yes,2,Graduate,No,5086.0,0.0,204.0,360.0,1.0,Semiurban,N
LP3419,Male,Yes,0,Graduate,No,5360.0,2830.0,283.0,360.0,1.0,Semiurban,Y
LP3420,Male,Yes,1,Graduate,No,6701.0,1912.0,331.0,120.0,,Rural,Y
LP3421,Male,Yes,0,Graduate,No,7031.0,213.0,290.0,360.0,1.0,Urban,Y
LP3422,Male,No,0,Not Graduate,No,2378.0,861.0,97.0,180.0,1.0,Urban,Y
LP3423,Male,Yes,0,Graduate,Yes,4205.0,0.0,193.0,360.0,,Rural,Y
LP3424,Male,Yes,0,Not Graduate,No,2573.0,0.0,59.0,180.0,1.0,Urban,Y
LP3425,Female,Yes,0,Graduate,No,4656.0,1341.0,261.0,180.0,0.0,Urban,N
LP3426,Male,No,0,Graduate,No,10732.0,443.0,452.0,360.0,1.0,Urban,Y
LP3427,Female,Yes,3+,Graduate,Yes,7848.0,1056.0,363.0,360.0,1.0,Urban,Y
LP3428,Male,No,0,Graduate,No,5578.0,1139.0,208.0,60.0,1.0,Rural,Y
LP3429,Female,No,0,Graduate,,12073.0,168.0,486.0,180.0,,Urban,Y
LP3430,Male,Yes,0,Graduate,No,6416.0,0.0,303.0,360.0,1.0,Rural,Y
LP3431,Female,Yes,1,Graduate,No,15001.0,3477.0,700.0,360.0,1.0,Rural,Y
LP3432,Female,No,0,Not Graduate,Yes,5957.0,1200.0,278.0,180.0,0.0,Semiurban,N
LP3433,Male,Yes,2,Graduate,No,4196.0,1926.0,191.0,360.0,1.0,Urban,Y
LP3434,Female,Yes,3+,Not Graduate,No,3125.0,591.0,100.0,360.0,1.0,Urban,Y
LP3435,Male,No,0,Graduate,,7474.0,0.0,306.0,60.0,1.0,Semiurban,Y
LP3436,Male,Yes,0,Graduate,No,4633.0,0.0,165.0,120.0,1.0,Semiurban,Y
LP3437,Male,No,0,Not Graduate,No,5952.0,2623.0,300.0,180.0,1.0,Semiurban,Y
LP3438,Male,Yes,1,Not Graduate,,6943.0,2967.0,369.0,360.0,,Semiurban,N
LP3439,,No,0,Not Graduate,No,3698.0,1910.0,226.0,60.0,1.0,Rural,Y
LP3440,,Yes,0,Graduate,No,6367.0,768.0,293.0,360.0,1.0,Semiurban,Y
LP3441,Male,Yes,0,Graduate,No,5125.0,745.0,230.0,360.0,1.0,Semiurban,Y
LP3442,Male,Yes,1,Graduate,No,2653.0,0.0,133.0,360.0,1.0,Rural,Y
LP3443,Female,No,0,Graduate,,7112.0,0.0,316.0,240.0,1.0,Urban,Y
LP3444,Male,Yes,0,Graduate,No,7531.0,0.0,297.0,360.0,1.0,Urban,Y
LP3445,Male,Yes,1,Not Graduate,No,9821.0,0.0,443.0,240.0,1.0,Urban,Y
LP3446,Male,Yes,1,Not Graduate,No,3174.0,3404.0,196.0,120.0,1.0,Urban,Y
LP3447,Male,Yes,2,Graduate,No,13126.0,0.0,479.0,360.0,1.0,Semiurban,Y
LP3448,Male,Yes,0,Graduate,No,3883.0,0.0,197.0,240.0,,Urban,N
LP3449,Male,Yes,2,Not Graduate,No,13497.0,0.0,519.0,120.0,1.0,Semiurban,Y
LP3450,Male,Yes,1,Graduate,No,1963.0,0.0,10.0,360.0,1.0,Rural,Y
LP3451,Female,Yes,0,Graduate,No,5688.0,663.0,238.0,360.0,0.0,Urban,N
LP3452,Male,Yes,1,Graduate,No,6650.0,0.0,303.0,360.0,1.0,Semiurban,N
LP3453,Male,Yes,0,Graduate,No,5224.0,1255.0,237.0,360.0,1.0,Urban,Y
LP3454,Male,No,3+,Not Graduate,No,3152.0,0.0,73.0,180.0,,Urban,Y
LP3455,Male,Yes,0,Graduate,No,4468.0,1765.0,223.0,360.0,0.0,Semiurban,N
LP3456,Male,Yes,1,Graduate,No,6473.0,1342.0,294.0,120.0,,Rural,Y
LP3457,Male,Yes,0,Graduate,Yes,14011.0,217.0,,60.0,0.0,Semiurban,N
LP3458,Male,No,3+,Not Graduate,No,3230.0,1102.0,141.0,360.0,1.0,Urban,Y
LP3459,Male,No,0,Not Graduate,,4178.0,0.0,147.0,360.0,1.0,Semiurban,N
LP3460,Female,No,3+,Graduate,No,2827.0,0.0,135.0,360.0,1.0,Urban,N
LP3461,Female,Yes,3+,Graduate,No,4650.0,0.0,169.0,360.0,0.0,Urban,N
LP3462,Male,Yes,0,Graduate,No,5393.0,0.0,221.0,360.0,0.0,Semiurban,N
LP3463,Male,Yes,2,Graduate,Yes,8649.0,0.0,351.0,360.0,1.0,Urban,Y
LP3464,Male,Yes,3+,Graduate,No,6531.0,0.0,243.0,360.0,1.0,Semiurban,Y
LP3465,Male,Yes,0,Graduate,No,10506.0,1315.0,437.0,360.0,1.0,Semiurban,Y
LP3466,Male,No,0,Graduate,No,5505.0,1332.0,262.0,240.0,1.0,Semiurban,Y
LP3467,Male,No,0,Graduate,No,1076.0,0.0,10.0,360.0,0.0,Urban,N
LP3468,Male,No,0,Graduate,,6668.0,0.0,327.0,360.0,1.0,Rural,Y
LP3469,Male,Yes,0,Not Graduate,No,2277.0,461.0,88.0,360.0,1.0,Urban,N
LP3470,Male,No,0,Graduate,No,8527.0,3268.0,427.0,360.0,,Rural,Y
LP3471,Female,Yes,0,Graduate,No,5508.0,0.0,242.0,360.0,1.0,Urban,Y
LP3472,Female,Yes,0,Not Graduate,Yes,4091.0,0.0,159.0,360.0,1.0,Semiurban,Y
LP3473,Male,No,0,Graduate,No,3030.0,2012.0,169.0,360.0,0.0,Semiurban,N
LP3474,Male,Yes,2,Graduate,No,4377.0,0.0,135.0,360.0,0.0,Urban,N
LP3475,Female,Yes,1,Graduate,No,5390.0,1423.0,261.0,360.0,1.0,Urban,Y
LP3476,Male,Yes,0,Graduate,No,12273.0,0.0,475.0,360.0,1.0,Urban,Y
LP3477,Male,No,1,Graduate,,5181.0,0.0,270.0,360.0,1.0,Rural,N
LP3478,Male,No,1,Graduate,No,6190.0,1299.0,280.0,360.0,1.0,Semiurban,Y
LP3479,Male,Yes,3+,Not Graduate,No,5319.0,2309.0,214.0,360.0,,Urban,N
LP3480,Male,No,0,Graduate,Yes,6196.0,1987.0,336.0,360.0,1.0,Semiurban,Y
LP3481,Female,Yes,0,Graduate,No,6027.0,0.0,211.0,180.0,1.0,Rural,Y
LP3482,Female,Yes,3+,Graduate,Yes,5553.0,0.0,225.0,120.0,,Semiurban,N
LP3483,Male,No,3+,Graduate,No,4025.0,824.0,228.0,240.0,1.0,Urban,Y
LP3484,Male,No,1,Graduate,Yes,7599.0,0.0,295.0,360.0,1.0,Rural,Y
LP3485,Female,No,,Graduate,No,3229.0,1670.0,173.0,360.0,,Urban,Y
LP3486,Male,Yes,0,Graduate,Yes,6973.0,2445.0,380.0,360.0,0.0,Semiurban,N
LP3487,Female,No,0,Graduate,No,7665.0,0.0,349.0,240.0,1.0,Semiurban,Y
LP3488,Male,Yes,0,Graduate,No,2032.0,0.0,77.0,180.0,0.0,Rural,N
LP3489,Male,No,0,Graduate,,3078.0,822.0,208.0,360.0,0.0,Rural,N
LP3490,Male,Yes,2,Not Graduate,No,2180.0,540.0,51.0,360.0,1.0,Rural,Y
LP3491,Male,No,0,Graduate,No,9624.0,1137.0,392.0,360.0,1.0,Urban,Y
LP3492,Male,Yes,0,Graduate,No,4298.0,0.0,158.0,360.0,1.0,Rural,Y
LP3493,Male,Yes,3+,Not Graduate,Yes,9390.0,841.0,433.0,120.0,1.0,Urban,Y
LP3494,Male,Yes,0,Graduate,No,4740.0,0.0,197.0,360.0,1.0,Urban,Y
LP3495,Male,Yes,3+,Graduate,No,3362.0,0.0,114.0,360.0,0.0,Semiurban,N
LP3496,Male,Yes,3+,Graduate,No,3926.0,479.0,138.0,240.0,1.0,Semiurban,Y
LP3497,Female,No,1,Graduate,,5975.0,1633.0,243.0,360.0,0.0,Semiurban,N
LP3498,Female,Yes,0,Graduate,,7628.0,0.0,321.0,360.0,1.0,Semiurban,Y
LP3499,Male,Yes,0,Not Graduate,No,5638.0,7577.0,441.0,360.0,1.0,Rural,Y
LP3500,Female,Yes,0,Graduate,No,8392.0,1178.0,401.0,360.0,,Urban,Y
LP3501,Male,Yes,0,Not Graduate,No,5125.0,0.0,162.0,360.0,1.0,Urban,Y
LP3502,Male,Yes,0,Graduate,Yes,5398.0,1650.0,278.0,360.0,1.0,Rural,Y
LP3503,Female,Yes,3+,Graduate,No,3805.0,609.0,169.0,360.0,1.0,Urban,Y
LP3504,Male,Yes,0,Graduate,Yes,3609.0,1106.0,159.0,,1.0,Semiurban,Y
LP3505,Male,Yes,1,Not Graduate,No,7861.0,899.0,325.0,360.0,1.0,Semiurban,Y
LP3506,Female,Yes,0,Not Graduate,No,3235.0,2666.0,212.0,180.0,1.0,Semiurban,N
LP3507,Male,Yes,1,Graduate,No,4735.0,3769.0,302.0,360.0,1.0,Semiurban,Y
LP3508,Female,Yes,3+,Graduate,No,8035.0,0.0,,360.0,0.0,Urban,N
LP3509,Female,Yes,0,Graduate,No,2400.0,0.0,111.0,360.0,1.0,Rural,N
LP3510,Male,Yes,0,Graduate,No,9739.0,1492.0,470.0,360.0,1.0,Urban,Y
LP3511,Female,No,1,Graduate,No,3387.0,645.0,148.0,360.0,1.0,Semiurban,Y
LP3512,Male,No,1,Not Graduate,Yes,9756.0,0.0,408.0,180.0,0.0,Urban,N
LP3513,Male,No,1,Graduate,No,3232.0,0.0,124.0,360.0,0.0,Semiurban,N
LP3514,Male,Yes,0,Graduate,No,7853.0,724.0,408.0,360.0,0.0,Semiurban,N
LP3515,Female,No,0,Graduate,No,4240.0,0.0,170.0,360.0,1.0,Rural,Y
LP3516,Male,No,3+,Graduate,No,12494.0,2045.0,582.0,180.0,1.0,Semiurban,Y
LP3517,Male,No,3+,Graduate,No,4969.0,0.0,234.0,60.0,1.0,Semiurban,Y
LP3518,Male,Yes,0,Graduate,No,3024.0,642.0,121.0,360.0,1.0,Rural,Y
LP3519,Male,Yes,2,Not Graduate,No,6976.0,0.0,300.0,360.0,1.0,Semiurban,Y
LP3520,Male,No,0,Graduate,No,4466.0,1252.0,242.0,360.0,1.0,Semiurban,Y
LP3521,Male,Yes,0,Graduate,No,7298.0,1026.0,336.0,240.0,1.0,Semiurban,Y
LP3522,Male,Yes,0,Graduate,No,9688.0,1346.0,451.0,360.0,1.0,Semiurban,Y
LP3523,Male,Yes,0,Graduate,No,7951.0,0.0,299.0,360.0,,Rural,Y
LP3524,Female,Yes,0,Graduate,No,2325.0,0.0,157.0,360.0,1.0,Urban,Y
LP3525,Male,Yes,0,Graduate,No,3199.0,0.0,56.0,360.0,0.0,Semiurban,N
LP3526,Male,Yes,0,Graduate,No,6269.0,1531.0,271.0,360.0,1.0,Semiurban,Y
LP3527,Female,Yes,2,Not Graduate,No,6569.0,2000.0,283.0,360.0,0.0,Rural,N
LP3528,Male,Yes,1,Graduate,No,1368.0,0.0,106.0,180.0,1.0,Rural,N
LP3529,Female,Yes,1,Graduate,No,2872.0,274.0,119.0,360.0,1.0,Semiurban,Y
LP3530,Male,Yes,3+,Not Graduate,No,3355.0,624.0,125.0,360.0,1.0,Semiurban,Y
LP3531,Female,Yes,0,Graduate,,10019.0,2547.0,459.0,360.0,1.0,Semiurban,Y
LP3532,Male,No,1,Not Graduate,Yes,4010.0,0.0,115.0,360.0,1.0,Semiurban,Y
LP3533,Male,No,2,Graduate,,7603.0,828.0,348.0,360.0,0.0,Rural,N
LP3534,Male,Yes,0,Graduate,No,9060.0,735.0,406.0,240.0,,Rural,Y
LP3535,Female,Yes,0,Not Graduate,No,3939.0,2083.0,229.0,360.0,0.0,Rural,N
LP3536,Male,Yes,0,Not Graduate,No,5309.0,0.0,191.0,180.0,1.0,Urban,Y
LP3537,Male,No,2,Graduate,No,7613.0,431.0,363.0,360.0,1.0,Rural,Y
LP3538,Male,Yes,0,Graduate,No,2313.0,0.0,116.0,360.0,1.0,Rural,N
LP3539,Male,Yes,2,Graduate,No,4840.0,1956.0,200.0,360.0,1.0,Urban,N
LP3540,Male,Yes,1,Not Graduate,No,9483.0,804.0,398.0,120.0,1.0,Semiurban,Y
LP3541,Male,Yes,1,Graduate,No,6494.0,336.0,235.0,360.0,1.0,Rural,Y
LP3542,Female,No,2,Not Graduate,No,6527.0,331.0,315.0,360.0,0.0,Semiurban,N
LP3543,Male,No,1,Graduate,No,8412.0,0.0,323.0,360.0,,Rural,Y
LP3544,Male,Yes,0,Graduate,No,4207.0,838.0,152.0,360.0,0.0,Semiurban,N
LP3545,Male,Yes,0,Graduate,No,3295.0,2191.0,193.0,360.0,1.0,Semiurban,Y
LP3546,Male,Yes,2,Graduate,No,6327.0,1377.0,342.0,360.0,1.0,Rural,N
LP3547,Male,Yes,0,Not Graduate,No,4361.0,0.0,200.0,360.0,1.0,Semiurban,Y
LP3548,Male,Yes,0,Graduate,No,4227.0,1317.0,193.0,360.0,1.0,Rural,Y
LP3549,Male,Yes,0,Not Graduate,No,3244.0,4109.0,248.0,360.0,1.0,Semiurban,Y
LP3550,Male,Yes,3+,Graduate,No,6947.0,592.0,325.0,240.0,1.0,Semiurban,Y
LP3551,Male,Yes,0,Graduate,Yes,5038.0,2816.0,328.0,360.0,1.0,Urban,Y
LP3552,Female,No,1,Not Graduate,No,3280.0,0.0,85.0,360.0,1.0,Semiurban,Y
LP3553,Female,Yes,0,Graduate,No,8644.0,0.0,350.0,180.0,1.0,Semiurban,Y
LP3554,Male,No,0,Graduate,No,4697.0,1971.0,236.0,360.0,1.0,Rural,Y
LP3555,Female,No,1,Graduate,No,7024.0,1496.0,311.0,360.0,0.0,Urban,N
LP3556,Male,Yes,0,Not Graduate,No,11111.0,0.0,485.0,360.0,1.0,Urban,Y
LP3557,Male,No,1,Not Graduate,No,8578.0,1020.0,333.0,360.0,1.0,Urban,Y
LP3558,Male,Yes,2,Graduate,No,10558.0,2453.0,520.0,360.0,1.0,Semiurban,Y
LP3559,Male,Yes,2,Not Graduate,Yes,8501.0,1349.0,312.0,360.0,1.0,Rural,Y
LP3560,Male,Yes,0,Graduate,No,4851.0,0.0,172.0,360.0,1.0,Semiurban,Y
LP3561,Male,No,2,Graduate,Yes,3698.0,1284.0,187.0,360.0,1.0,Semiurban,Y
LP3562,Male,Yes,1,Not Graduate,No,4736.0,350.0,161.0,60.0,1.0,Semiurban,Y
LP3563,Male,Yes,2,Graduate,No,4897.0,808.0,286.0,360.0,0.0,Urban,N
LP3564,Male,No,0,Not Graduate,No,9659.0,1928.0,423.0,240.0,1.0,Semiurban,Y
LP3565,Male,Yes,0,Graduate,No,4413.0,565.0,170.0,360.0,1.0,Semiurban,Y
LP3566,Male,No,3+,Graduate,No,2887.0,0.0,95.0,360.0,1.0,Semiurban,Y
LP3567,Male,,2,Graduate,No,6167.0,0.0,264.0,360.0,1.0,Rural,N
LP3568,Female,No,0,Graduate,No,5688.0,0.0,255.0,360.0,1.0,Rural,Y
LP3569,Female,No,0,Graduate,No,3787.0,0.0,138.0,360.0,0.0,Rural,N
LP3570,Male,No,0,Graduate,No,4598.0,365.0,204.0,240.0,1.0,Rural,N
LP3571,Female,Yes,0,Graduate,No,10706.0,2085.0,503.0,360.0,1.0,Rural,Y
LP3572,Male,No,0,Graduate,No,6933.0,1989.0,294.0,360.0,1.0,Semiurban,Y
LP3573,Male,Yes,0,Graduate,No,4769.0,0.0,187.0,360.0,1.0,Urban,Y
LP3574,Male,Yes,2,Not Graduate,No,3775.0,0.0,132.0,360.0,,Semiurban,N
LP3575,Male,Yes,0,Graduate,No,13232.0,1337.0,523.0,360.0,1.0,Rural,Y
LP3576,Female,No,1,Graduate,No,11709.0,1931.0,533.0,360.0,0.0,Urban,N
LP3577,Male,No,0,Not Graduate,No,8249.0,0.0,360.0,360.0,1.0,Urban,Y
LP3578,Male,No,0,Graduate,No,5004.0,1214.0,238.0,360.0,1.0,Urban,Y
LP3579,Male,Yes,0,Not Graduate,No,3689.0,0.0,70.0,360.0,1.0,Semiurban,Y
LP3580,Male,Yes,0,Graduate,No,3756.0,0.0,137.0,60.0,0.0,Semiurban,N
LP3581,Female,Yes,2,Graduate,Yes,4976.0,0.0,172.0,360.0,,Urban,Y
LP3582,Male,No,2,Not Graduate,No,4405.0,923.0,257.0,360.0,1.0,Urban,N
LP3583,Male,No,0,Graduate,No,5512.0,0.0,210.0,360.0,1.0,Semiurban,Y
LP3584,Male,Yes,0,Graduate,No,5389.0,0.0,167.0,360.0,1.0,Urban,Y
LP3585,Male,Yes,0,Graduate,,3418.0,0.0,135.0,180.0,1.0,Urban,N
LP3586,Male,Yes,2,Graduate,No,3476.0,0.0,158.0,360.0,1.0,Semiurban,Y
LP3587,Male,Yes,2,Graduate,No,4791.0,482.0,209.0,360.0,1.0,Semiurban,Y
LP3588,Male,No,0,Not Graduate,No,5324.0,0.0,189.0,360.0,0.0,Urban,N
LP3589,Male,Yes,1,Graduate,Yes,10297.0,1175.0,433.0,360.0,1.0,Semiurban,Y
LP3590,Female,Yes,2,Graduate,No,6328.0,0.0,276.0,360.0,1.0,Urban,Y
LP3591,Female,Yes,0,Not Graduate,No,6222.0,0.0,252.0,240.0,1.0,Rural,N
LP3592,Male,Yes,0,Graduate,No,6442.0,0.0,318.0,360.0,1.0,Urban,Y
LP3593,Male,No,3+,Graduate,No,9186.0,0.0,370.0,,1.0,Urban,Y
LP3594,Male,Yes,1,Not Graduate,No,23297.0,0.0,886.0,180.0,1.0,Rural,Y
LP3595,Male,Yes,0,Not Graduate,No,4246.0,0.0,164.0,,1.0,Semiurban,Y
LP3596,Male,Yes,0,Graduate,No,12762.0,1658.0,543.0,360.0,0.0,Urban,N
LP3597,Male,No,0,Graduate,,2687.0,558.0,78.0,60.0,0.0,Urban,N
LP3598,Male,No,0,Graduate,No,4814.0,1543.0,243.0,360.0,1.0,Rural,N
LP3599,Male,No,1,Graduate,No,3246.0,0.0,117.0,120.0,1.0,Rural,Y
LP3600,Male,Yes,0,Graduate,No,7502.0,3633.0,414.0,360.0,1.0,Urban,Y
LP3601,Male,Yes,1,Not Graduate,No,8470.0,0.0,394.0,360.0,1.0,Semiurban,Y
LP3602,Male,Yes,2,Not Graduate,Yes,2890.0,5399.0,274.0,360.0,1.0,Urban,N
LP3603,Male,No,0,Not Graduate,,8948.0,455.0,402.0,360.0,1.0,Semiurban,N
LP3604,Male,,0,Graduate,No,6513.0,2892.0,342.0,360.0,1.0,Urban,Y
LP3605,Male,Yes,0,Not Graduate,No,8017.0,0.0,333.0,360.0,1.0,Semiurban,Y
LP3606,Male,No,1,Graduate,No,9546.0,0.0,385.0,60.0,1.0,Urban,Y
LP3607,Male,No,0,Graduate,No,7599.0,0.0,312.0,180.0,1.0,Semiurban,Y
LP3608,Male,Yes,1,Graduate,No,2622.0,0.0,101.0,360.0,1.0,Semiurban,Y
LP3609,Male,Yes,2,Graduate,No,4591.0,0.0,227.0,360.0,0.0,Semiurban,N
LP3610,Female,Yes,0,Not Graduate,No,2801.0,0.0,131.0,360.0,1.0,Urban,Y
LP3611,Male,No,3+,Graduate,,1928.0,0.0,81.0,360.0,1.0,Urban,N
LP3612,Male,No,3+,Graduate,No,3142.0,1966.0,212.0,180.0,,Semiurban,N
LP3613,Male,Yes,0,Not Graduate,No,4763.0,281.0,203.0,360.0,1.0,Urban,N
LP3614,Male,Yes,0,Graduate,No,12314.0,3640.0,,,0.0,Semiurban,Y
LP3615,Male,No,3+,Not Graduate,No,5473.0,0.0,184.0,360.0,1.0,Urban,Y
LP3616,Male,No,3+,Graduate,No,6536.0,0.0,325.0,360.0,0.0,Semiurban,N
LP3617,Male,Yes,0,Graduate,No,4311.0,2865.0,264.0,360.0,1.0,Semiurban,Y
LP3618,Female,Yes,0,Not Graduate,No,5029.0,1370.0,208.0,360.0,1.0,Rural,N
LP3619,Male,Yes,0,Graduate,,5725.0,0.0,251.0,360.0,1.0,Urban,Y
LP3620,Male,Yes,3+,Graduate,No,4901.0,1823.0,290.0,360.0,1.0,Urban,N
LP3621,Female,No,0,Graduate,No,7159.0,0.0,256.0,360.0,1.0,Semiurban,Y
LP3622,Male,No,0,Graduate,No,4093.0,0.0,150.0,180.0,1.0,Rural,N
LP3623,Female,No,2,Graduate,No,2696.0,1418.0,181.0,360.0,0.0,Rural,N
LP3624,Male,Yes,0,Graduate,No,2406.0,0.0,113.0,360.0,,Semiurban,Y
LP3625,Female,No,1,Graduate,No,8175.0,2189.0,379.0,360.0,1.0,Semiurban,Y
LP3626,Male,Yes,0,Graduate,No,1417.0,0.0,49.0,360.0,1.0,Semiurban,N
LP3627,Male,Yes,2,Graduate,No,4988.0,0.0,162.0,180.0,1.0,Semiurban,Y
LP3628,Male,Yes,0,Graduate,No,3201.0,2549.0,175.0,180.0,1.0,Semiurban,Y
LP3629,Male,Yes,1,Graduate,Yes,7279.0,0.0,241.0,120.0,0.0,Rural,N
LP3630,,No,1,Not Graduate,No,5550.0,1160.0,246.0,60.0,1.0,Semiurban,Y
LP3631,Male,Yes,0,Not Graduate,No,5615.0,0.0,245.0,180.0,0.0,Semiurban,N
LP3632,Male,Yes,0,Graduate,No,5837.0,619.0,244.0,360.0,1.0,Semiurban,Y
LP3633,Male,Yes,0,Not Graduate,No,5747.0,0.0,263.0,360.0,1.0,Semiurban,N
LP3634,Male,Yes,0,Graduate,No,2692.0,1931.0,146.0,360.0,1.0,Semiurban,Y
LP3635,Male,Yes,2,Graduate,No,4427.0,60.0,134.0,60.0,1.0,Semiurban,Y
LP3636,Female,Yes,2,Graduate,No,3618.0,0.0,179.0,360.0,1.0,Urban,N
LP3637,Male,No,0,Graduate,No,3933.0,0.0,168.0,360.0,1.0,Urban,N
LP3638,Female,Yes,1,Graduate,No,5785.0,1156.0,303.0,120.0,1.0,Semiurban,Y
LP3639,Male,Yes,1,Graduate,No,8199.0,2594.0,396.0,360.0,1.0,Rural,Y
LP3640,Male,Yes,2,Not Graduate,No,8069.0,1928.0,428.0,360.0,1.0,Urban,Y
LP3641,Male,No,0,Not Graduate,No,6241.0,996.0,247.0,180.0,0.0,Semiurban,N
LP3642,Male,Yes,0,Graduate,No,4550.0,1496.0,218.0,180.0,1.0,Urban,N
LP3643,Male,Yes,0,Graduate,No,5612.0,0.0,237.0,180.0,,Urban,N
LP3644,Male,Yes,0,Graduate,No,7609.0,418.0,303.0,180.0,1.0,Rural,Y
LP3645,Male,Yes,0,Graduate,No,3922.0,708.0,185.0,360.0,1.0,Rural,Y
LP3646,Female,Yes,0,Graduate,No,5504.0,2421.0,330.0,360.0,1.0,Urban,Y
LP3647,Male,No,0,Graduate,No,4293.0,0.0,183.0,360.0,1.0,Semiurban,Y
LP3648,Male,Yes,1,Graduate,No,3893.0,2510.0,226.0,180.0,1.0,Urban,Y
LP3649,Male,Yes,0,Not Graduate,No,5353.0,2318.0,320.0,360.0,0.0,Rural,N
LP3650,Male,No,,Graduate,No,4561.0,509.0,213.0,360.0,1.0,Urban,Y
LP3651,,No,0,Graduate,No,6305.0,1068.0,284.0,360.0,1.0,Urban,Y
LP3652,Male,Yes,0,Graduate,No,4593.0,1154.0,216.0,360.0,1.0,Semiurban,Y
LP3653,Male,Yes,1,Graduate,No,5129.0,886.0,221.0,360.0,1.0,Rural,Y
LP3654,Male,Yes,0,Not Graduate,No,2691.0,554.0,150.0,180.0,1.0,Urban,Y
LP3655,Male,Yes,0,Graduate,No,7766.0,0.0,337.0,360.0,1.0,Semiurban,Y
LP3656,Female,No,0,Not Graduate,No,7831.0,1510.0,396.0,360.0,1.0,Urban,N
LP3657,Female,No,0,Not Graduate,No,3615.0,1042.0,189.0,360.0,,Rural,N
LP3658,Male,No,0,Graduate,No,3771.0,0.0,135.0,360.0,,Urban,N
LP3659,Male,Yes,2,Graduate,No,5924.0,923.0,275.0,360.0,0.0,Rural,N
LP3660,Male,Yes,0,Not Graduate,No,4367.0,0.0,158.0,360.0,1.0,Semiurban,N
LP3661,Female,Yes,0,Not Graduate,No,6214.0,0.0,253.0,120.0,1.0,Semiurban,Y
LP3662,Male,No,0,Graduate,No,9887.0,2137.0,502.0,,1.0,Rural,Y
LP3663,Male,Yes,0,Not Graduate,No,3700.0,2868.0,269.0,240.0,1.0,Rural,N
LP3664,,Yes,1,Not Graduate,Yes,8036.0,312.0,358.0,360.0,1.0,Semiurban,Y
LP3665,Male,No,,Graduate,No,3399.0,1829.0,190.0,240.0,1.0,Urban,Y
LP3666,Male,No,1,Graduate,No,3924.0,0.0,184.0,180.0,1.0,Semiurban,Y
LP3667,Male,No,0,Not Graduate,No,5946.0,0.0,219.0,120.0,1.0,Semiurban,Y
LP3668,Male,Yes,0,Graduate,No,7123.0,1584.0,289.0,360.0,1.0,Semiurban,Y
LP3669,Male,No,2,Graduate,No,9752.0,1586.0,446.0,360.0,1.0,Semiurban,Y
LP3670,Male,No,3+,Graduate,No,11245.0,0.0,439.0,360.0,,Urban,Y
LP3671,Male,Yes,0,Graduate,No,4792.0,3974.0,364.0,120.0,1.0,Semiurban,Y
LP3672,Male,Yes,0,Graduate,Yes,5478.0,421.0,281.0,360.0,1.0,Semiurban,N
LP3673,Male,Yes,0,Not Graduate,No,6361.0,132.0,238.0,360.0,1.0,Urban,Y
LP3674,Female,No,0,Graduate,No,5368.0,2156.0,300.0,360.0,1.0,Semiurban,Y
LP3675,Male,Yes,0,Graduate,Yes,4768.0,0.0,131.0,180.0,0.0,Semiurban,N
LP3676,Male,Yes,0,Graduate,No,4236.0,0.0,180.0,120.0,1.0,Semiurban,Y
LP3677,Male,Yes,1,Graduate,No,7166.0,2089.0,359.0,360.0,1.0,Urban,Y
LP3678,Male,No,0,Graduate,No,9786.0,695.0,382.0,180.0,1.0,Semiurban,Y
LP3679,Male,Yes,0,Graduate,No,2534.0,0.0,106.0,360.0,0.0,Urban,N
LP3680,,Yes,0,Graduate,No,4948.0,3236.0,267.0,360.0,1.0,Semiurban,Y
LP3681,Female,Yes,2,Graduate,Yes,2563.0,1245.0,165.0,240.0,,Rural,Y
LP3682,Male,No,,Graduate,No,6977.0,0.0,,180.0,1.0,Semiurban,Y
LP3683,Male,Yes,1,Graduate,Yes,3880.0,2764.0,283.0,360.0,1.0,Urban,Y
LP3684,Male,Yes,0,Not Graduate,No,9182.0,0.0,321.0,360.0,1.0,Semiurban,Y
LP3685,Male,No,1,Graduate,No,5122.0,0.0,179.0,360.0,1.0,Rural,N
LP3686,Male,Yes,0,Graduate,No,7018.0,1225.0,303.0,360.0,1.0,Urban,Y
LP3687,Male,No,0,Graduate,No,3661.0,0.0,161.0,360.0,1.0,Rural,Y
LP3688,Male,Yes,0,Graduate,No,5837.0,0.0,242.0,360.0,,Semiurban,Y
LP3689,Male,Yes,0,Graduate,No,5807.0,1609.0,293.0,120.0,1.0,Rural,Y
LP3690,Male,Yes,0,Graduate,No,6542.0,451.0,256.0,360.0,1.0,Urban,Y
LP3691,Male,Yes,1,Graduate,No,4101.0,1856.0,163.0,360.0,1.0,Urban,Y
LP3692,Male,No,0,Graduate,,8825.0,0.0,330.0,360.0,1.0,Rural,Y
LP3693,Male,Yes,0,Not Graduate,No,6371.0,0.0,297.0,180.0,1.0,Urban,N
LP3694,Female,No,0,Graduate,,9575.0,2351.0,435.0,360.0,1.0,Urban,Y
LP3695,Male,Yes,1,Graduate,No,2720.0,0.0,114.0,360.0,1.0,Semiurban,N
LP3696,Male,Yes,3+,Graduate,,5859.0,764.0,259.0,360.0,0.0,Urban,N
LP3697,Male,Yes,1,Not Graduate,No,5034.0,165.0,212.0,360.0,1.0,Rural,Y
LP3698,Male,No,0,Not Graduate,No,11358.0,266.0,422.0,360.0,,Semiurban,Y
LP3699,Male,Yes,1,Graduate,No,7239.0,0.0,314.0,360.0,1.0,Rural,N
LP3700,Male,Yes,3+,Graduate,No,5407.0,0.0,213.0,360.0,1.0,Rural,Y
LP3701,Female,Yes,2,Graduate,Yes,7043.0,1281.0,389.0,360.0,1.0,Urban,Y
LP3702,Male,Yes,0,Graduate,,4487.0,1549.0,215.0,360.0,1.0,Semiurban,N
LP3703,Male,Yes,0,Graduate,No,6658.0,2831.0,381.0,120.0,1.0,Rural,Y
LP3704,Male,No,0,Graduate,No,14191.0,829.0,581.0,240.0,1.0,Semiurban,Y
LP3705,Female,Yes,0,Graduate,No,4216.0,2245.0,294.0,360.0,1.0,Rural,Y
LP3706,Male,No,1,Not Graduate,No,5816.0,0.0,255.0,360.0,,Semiurban,N
LP3707,Male,Yes,0,Not Graduate,No,3811.0,0.0,114.0,360.0,1.0,Urban,Y
LP3708,Male,No,0,Graduate,No,3508.0,0.0,183.0,360.0,1.0,Rural,N
LP3709,Male,No,1,Graduate,Yes,8074.0,3703.0,457.0,60.0,1.0,Urban,Y
LP3710,Male,Yes,2,Not Graduate,No,3121.0,2110.0,174.0,360.0,1.0,Urban,Y
LP3711,Male,No,0,Graduate,Yes,6612.0,2620.0,295.0,240.0,1.0,Semiurban,Y
LP3712,Male,Yes,1,Graduate,No,7853.0,800.0,374.0,120.0,0.0,Rural,N
LP3713,Male,No,0,Graduate,No,4573.0,2979.0,324.0,360.0,1.0,Semiurban,Y
LP3714,Male,No,2,Graduate,No,9425.0,3745.0,523.0,360.0,1.0,Urban,Y
LP3715,Male,Yes,2,Graduate,Yes,9055.0,1945.0,447.0,360.0,1.0,Urban,Y
LP3716,Male,Yes,0,Graduate,No,4561.0,0.0,199.0,360.0,1.0,Urban,N
LP3717,Female,Yes,1,Graduate,No,2889.0,0.0,147.0,180.0,1.0,Urban,Y
LP3718,Female,Yes,2,Graduate,No,6839.0,2228.0,333.0,360.0,,Urban,Y
LP3719,Male,Yes,0,Graduate,No,5332.0,4475.0,293.0,360.0,1.0,Semiurban,Y
LP3720,Female,Yes,0,Graduate,No,5972.0,0.0,262.0,120.0,,Rural,Y
LP3721,Male,Yes,2,Not Graduate,Yes,6806.0,1236.0,321.0,60.0,1.0,Urban,Y
LP3722,Male,No,0,Graduate,No,2639.0,1455.0,107.0,360.0,1.0,Urban,N
LP3723,Male,Yes,0,Graduate,No,4444.0,674.0,132.0,240.0,1.0,Rural,Y
LP3724,Male,Yes,2,Graduate,No,10827.0,1054.0,467.0,360.0,1.0,Semiurban,Y
LP3725,Male,Yes,1,Graduate,No,6054.0,216.0,244.0,180.0,1.0,Rural,Y
LP3726,Male,Yes,0,Graduate,No,7010.0,0.0,273.0,360.0,0.0,Urban,N
LP3727,Male,Yes,0,Graduate,No,5824.0,0.0,250.0,120.0,1.0,Urban,Y
LP3728,Male,Yes,0,Graduate,No,6918.0,4775.0,398.0,360.0,1.0,Semiurban,Y
LP3729,Male,No,0,Graduate,No,8971.0,1007.0,410.0,,0.0,Semiurban,N
LP3730,Male,No,0,Graduate,No,1993.0,2048.0,162.0,360.0,1.0,Semiurban,Y
LP3731,Male,Yes,1,Graduate,Yes,7626.0,1235.0,262.0,360.0,1.0,Semiurban,Y
LP3732,Male,No,0,Graduate,No,5366.0,0.0,213.0,360.0,,Urban,Y
LP3733,Female,Yes,0,Graduate,No,8207.0,535.0,350.0,240.0,0.0,Semiurban,N
LP3734,Female,No,0,Graduate,No,4646.0,3511.0,314.0,180.0,1.0,Semiurban,Y
LP3735,Male,No,3+,Graduate,,4562.0,0.0,199.0,180.0,1.0,Semiurban,Y
LP3736,,Yes,0,Graduate,Yes,3062.0,0.0,70.0,180.0,1.0,Semiurban,Y
LP3737,Male,Yes,0,Graduate,No,5431.0,390.0,232.0,60.0,1.0,Semiurban,Y
LP3738,Female,Yes,0,Graduate,No,2966.0,0.0,111.0,180.0,1.0,Urban,Y
LP3739,Male,Yes,1,Graduate,No,5217.0,0.0,241.0,360.0,1.0,Urban,Y
LP3740,Male,No,1,Graduate,No,5969.0,518.0,218.0,180.0,1.0,Semiurban,Y
LP3741,Male,Yes,0,Graduate,No,3953.0,0.0,158.0,360.0,1.0,Urban,Y
LP3742,Male,No,0,Graduate,No,2492.0,2986.0,215.0,60.0,1.0,Semiurban,Y
LP3743,Male,No,0,Not Graduate,No,2190.0,0.0,110.0,360.0,0.0,Rural,N
LP3744,Male,Yes,0,Not Graduate,Yes,3431.0,1828.0,187.0,360.0,,Urban,N
LP3745,Male,No,0,Graduate,No,2110.0,0.0,120.0,360.0,1.0,Urban,N
LP3746,Male,No,0,Graduate,No,5896.0,2581.0,291.0,360.0,0.0,Rural,N
LP3747,Male,No,0,Graduate,No,14370.0,2929.0,685.0,360.0,0.0,Urban,N
LP3748,Female,No,0,Graduate,Yes,3035.0,0.0,148.0,120.0,1.0,Urban,N
LP3749,Male,No,0,Graduate,No,15955.0,1424.0,,360.0,1.0,Urban,Y
LP3750,Male,Yes,1,Graduate,No,5796.0,0.0,271.0,360.0,1.0,Semiurban,Y
LP3751,Male,No,0,Not Graduate,No,6339.0,690.0,225.0,360.0,0.0,Urban,N
LP3752,Male,Yes,0,Graduate,,2570.0,1723.0,166.0,360.0,0.0,Semiurban,N
LP3753,Male,No,0,Graduate,No,6017.0,234.0,234.0,360.0,1.0,Semiurban,Y
LP3754,Female,No,3+,Graduate,No,4317.0,632.0,222.0,360.0,,Urban,Y
LP3755,Male,Yes,2,Graduate,No,10518.0,0.0,431.0,360.0,,Urban,Y
LP3756,,Yes,0,Not Graduate,No,2191.0,0.0,141.0,360.0,1.0,Semiurban,N
LP3757,Female,Yes,0,Not Graduate,No,4353.0,0.0,208.0,360.0,1.0,Semiurban,Y
LP3758,Male,Yes,0,Not Graduate,No,3716.0,1823.0,207.0,180.0,1.0,Urban,N
LP3759,Male,Yes,0,Graduate,,6458.0,1220.0,331.0,360.0,1.0,Urban,Y
LP3760,Male,No,0,Graduate,No,1583.0,0.0,60.0,360.0,1.0,Semiurban,N
LP3761,Male,No,1,Graduate,No,10370.0,0.0,382.0,360.0,1.0,Rural,Y
LP3762,Male,No,0,Graduate,Yes,6343.0,0.0,240.0,360.0,1.0,Urban,Y
LP3763,Male,Yes,2,Graduate,No,6147.0,0.0,242.0,360.0,1.0,Semiurban,Y
LP3764,Male,No,0,Graduate,No,3108.0,0.0,31.0,360.0,1.0,Urban,N
LP3765,Female,No,2,Graduate,No,7810.0,1901.0,411.0,60.0,,Urban,Y
LP3766,Male,Yes,2,Graduate,No,7456.0,541.0,312.0,360.0,1.0,Urban,Y
LP3767,Male,Yes,0,Graduate,No,9337.0,750.0,425.0,360.0,,Rural,Y
LP3768,Male,Yes,0,Graduate,No,4801.0,868.0,223.0,360.0,1.0,Semiurban,Y
LP3769,Male,No,,Graduate,Yes,2480.0,792.0,77.0,360.0,1.0,Rural,Y
LP3770,Male,Yes,0,Graduate,No,4032.0,1387.0,205.0,360.0,1.0,Semiurban,Y
LP3771,Male,No,0,Graduate,No,8344.0,794.0,354.0,360.0,1.0,Rural,N
LP3772,Female,Yes,1,Graduate,No,4369.0,0.0,154.0,120.0,1.0,Urban,Y
LP3773,Male,No,0,Graduate,No,12455.0,0.0,486.0,360.0,1.0,Urban,Y
LP3774,Male,Yes,3+,Not Graduate,No,7895.0,2971.0,406.0,360.0,1.0,Rural,Y
LP3775,Male,Yes,0,Graduate,No,11672.0,16.0,394.0,180.0,,Semiurban,Y
LP3776,Male,Yes,3+,Graduate,No,4482.0,1821.0,245.0,360.0,1.0,Rural,Y
LP3777,Male,Yes,0,Graduate,Yes,6717.0,177.0,292.0,360.0,,Urban,Y
LP3778,Male,No,,Not Graduate,No,3444.0,0.0,153.0,360.0,1.0,Urban,Y
LP3779,Male,Yes,0,Graduate,No,8085.0,2503.0,390.0,360.0,1.0,Semiurban,Y
LP3780,Male,No,0,Graduate,No,6945.0,905.0,364.0,180.0,1.0,Urban,Y
LP3781,Female,Yes,2,Graduate,No,7695.0,3025.0,414.0,360.0,1.0,Semiurban,Y
LP3782,Female,Yes,,Graduate,No,4672.0,701.0,195.0,360.0,1.0,Semiurban,N
LP3783,Male,Yes,1,Graduate,No,5906.0,2707.0,280.0,360.0,0.0,Urban,N
LP3784,Female,Yes,1,Graduate,No,5765.0,0.0,190.0,360.0,1.0,Urban,Y
LP3785,Male,No,0,Not Graduate,No,4682.0,0.0,199.0,360.0,1.0,Urban,Y
LP3786,Female,Yes,0,Not Graduate,No,6067.0,969.0,293.0,360.0,0.0,Urban,N
LP3787,Male,No,1,Graduate,No,6549.0,287.0,274.0,240.0,,Semiurban,Y
LP3788,Female,No,0,Graduate,Yes,7091.0,0.0,282.0,360.0,1.0,Urban,Y
LP3789,Female,Yes,1,Graduate,No,4630.0,3092.0,268.0,360.0,1.0,Urban,Y
LP3790,Male,Yes,2,Not Graduate,No,7889.0,1903.0,387.0,360.0,1.0,Rural,Y
LP3791,Female,No,0,Graduate,No,7658.0,0.0,283.0,360.0,1.0,Semiurban,Y
LP3792,Male,No,0,Not Graduate,No,7152.0,0.0,285.0,60.0,1.0,Semiurban,Y
LP3793,Male,No,1,Graduate,No,8166.0,0.0,329.0,360.0,1.0,Semiurban,Y
LP3794,Male,Yes,0,Graduate,No,5138.0,0.0,223.0,240.0,1.0,Rural,N
LP3795,Male,,0,Not Graduate,No,3216.0,0.0,104.0,360.0,1.0,Urban,Y
LP3796,Male,Yes,0,Graduate,,7672.0,0.0,277.0,240.0,0.0,Semiurban,N
LP3797,Male,No,0,Graduate,No,4261.0,0.0,172.0,360.0,1.0,Semiurban,Y
LP3798,Female,No,0,Graduate,No,2545.0,1188.0,144.0,360.0,1.0,Urban,N
LP3799,Male,Yes,0,Graduate,No,4315.0,1601.0,220.0,180.0,0.0,Rural,N
LP3800,Male,Yes,2,Graduate,No,6007.0,2831.0,244.0,180.0,0.0,Rural,N
LP3801,Female,Yes,0,Graduate,No,10002.0,574.0,427.0,360.0,1.0,Rural,Y
LP3802,Female,Yes,0,Graduate,No,6575.0,1580.0,387.0,360.0,1.0,Urban,Y
LP3803,Female,No,3+,Not Graduate,No,8144.0,453.0,367.0,360.0,1.0,Urban,Y
LP3804,Male,Yes,1,Not Graduate,Yes,7597.0,1491.0,290.0,360.0,1.0,Rural,Y
LP3805,Female,Yes,2,Graduate,No,6433.0,0.0,245.0,360.0,1.0,Semiurban,Y
LP3806,Male,Yes,0,Graduate,No,4953.0,299.0,201.0,360.0,0.0,Urban,N
LP3807,Male,No,2,Graduate,No,3439.0,1602.0,176.0,360.0,1.0,Semiurban,Y
LP3808,Male,Yes,0,Graduate,No,13152.0,0.0,489.0,360.0,1.0,Urban,Y
LP3809,Male,Yes,,Graduate,No,4370.0,0.0,148.0,360.0,,Urban,Y
LP3810,Male,Yes,0,Not Graduate,No,4909.0,630.0,243.0,120.0,1.0,Rural,N
LP3811,Male,No,0,Not Graduate,No,5304.0,0.0,235.0,360.0,1.0,Urban,N
LP3812,Male,No,2,Graduate,No,4318.0,0.0,,360.0,1.0,Urban,N
LP3813,Male,Yes,0,Graduate,No,6996.0,2189.0,374.0,240.0,1.0,Urban,Y
LP3814,Male,Yes,1,Graduate,No,4353.0,1732.0,206.0,360.0,1.0,Semiurban,Y
LP3815,Male,Yes,1,Graduate,No,4859.0,637.0,203.0,360.0,,Urban,Y
LP3816,Male,Yes,1,Graduate,No,4201.0,2270.0,225.0,360.0,1.0,Semiurban,Y
LP3817,Male,Yes,0,Graduate,No,4811.0,2660.0,226.0,360.0,1.0,Semiurban,Y
LP3818,Male,No,1,Graduate,Yes,3144.0,0.0,118.0,360.0,1.0,Rural,Y
LP3819,Male,Yes,0,Graduate,No,2801.0,1023.0,192.0,360.0,1.0,Urban,Y
LP3820,Female,No,0,Not Graduate,No,10961.0,854.0,510.0,120.0,0.0,Rural,N
LP3821,Male,Yes,3+,Graduate,Yes,8164.0,1347.0,370.0,360.0,1.0,Urban,Y
LP3822,Male,No,0,Graduate,No,10186.0,0.0,401.0,180.0,1.0,Semiurban,Y
LP3823,Male,No,0,Not Graduate,No,10597.0,2159.0,542.0,360.0,1.0,Semiurban,Y
LP3824,Male,Yes,2,Not Graduate,,3646.0,541.0,155.0,360.0,1.0,Urban,Y
LP3825,Female,Yes,,Graduate,Yes,9986.0,951.0,412.0,360.0,1.0,Semiurban,Y
LP3826,,Yes,1,Graduate,No,8798.0,1689.0,431.0,360.0,0.0,Urban,N
LP3827,Male,Yes,,Not Graduate,No,4793.0,0.0,140.0,180.0,1.0,Urban,Y
LP3828,Male,Yes,0,Graduate,No,6546.0,1398.0,300.0,360.0,1.0,Urban,Y
LP3829,Male,Yes,,Graduate,No,8039.0,487.0,334.0,360.0,1.0,Semiurban,Y
LP3830,Male,No,0,Graduate,No,7277.0,1182.0,342.0,360.0,1.0,Urban,Y
LP3831,Male,Yes,0,Not Graduate,No,5323.0,2581.0,273.0,360.0,1.0,Urban,Y
LP3832,Male,No,1,Graduate,No,6047.0,0.0,237.0,180.0,1.0,Urban,Y
LP3833,Male,Yes,0,Not Graduate,No,6888.0,0.0,278.0,180.0,1.0,Semiurban,Y
LP3834,,No,3+,Graduate,No,4726.0,1329.0,221.0,180.0,1.0,Semiurban,Y
LP3835,Female,Yes,0,Graduate,No,7226.0,1525.0,329.0,360.0,0.0,Urban,N
LP3836,Female,No,0,Graduate,No,4035.0,0.0,186.0,360.0,1.0,Urban,N
LP3837,Male,Yes,1,Graduate,No,10131.0,0.0,423.0,360.0,1.0,Semiurban,Y
LP3838,Male,Yes,3+,Graduate,No,8617.0,2059.0,422.0,360.0,1.0,Rural,Y
LP3839,Male,Yes,0,Graduate,No,8113.0,1344.0,316.0,360.0,1.0,Semiurban,Y
LP3840,Male,Yes,,Graduate,No,6680.0,2576.0,357.0,60.0,1.0,Rural,Y
LP3841,Male,Yes,2,Graduate,No,6242.0,2756.0,307.0,120.0,1.0,Urban,Y
LP3842,Female,Yes,0,Not Graduate,No,8762.0,1409.0,452.0,240.0,,Rural,N
LP3843,Female,Yes,2,Graduate,No,3295.0,0.0,,360.0,1.0,Urban,N
LP3844,Male,No,0,Not Graduate,No,3811.0,2524.0,222.0,360.0,1.0,Rural,N
LP3845,Male,Yes,1,Graduate,No,7304.0,0.0,338.0,240.0,1.0,Urban,Y
LP3846,Male,Yes,3+,Not Graduate,No,5545.0,401.0,270.0,360.0,1.0,Semiurban,Y
LP3847,Male,No,1,Not Graduate,No,4326.0,307.0,175.0,360.0,,Urban,N
LP3848,Male,Yes,0,Graduate,No,9057.0,1312.0,366.0,360.0,1.0,Urban,Y
LP3849,Male,Yes,0,Not Graduate,No,5972.0,70.0,188.0,180.0,1.0,Rural,N
LP3850,Male,Yes,3+,Graduate,No,6537.0,867.0,256.0,360.0,1.0,Semiurban,Y
LP3851,Male,No,0,Not Graduate,No,9157.0,2646.0,455.0,,1.0,Rural,Y
LP3852,Male,No,0,Not Graduate,No,5287.0,0.0,207.0,240.0,0.0,Semiurban,N
LP3853,Female,No,1,Graduate,No,12540.0,2647.0,553.0,360.0,0.0,Semiurban,N
LP3854,Male,Yes,0,Graduate,No,3434.0,0.0,126.0,360.0,1.0,Urban,N
LP3855,Male,No,0,Graduate,No,9032.0,632.0,,360.0,1.0,Rural,Y
LP3856,Male,Yes,0,Graduate,No,4450.0,0.0,212.0,360.0,1.0,Semiurban,N
LP3857,Male,Yes,0,Graduate,No,8398.0,0.0,389.0,360.0,1.0,Semiurban,Y
LP3858,Male,Yes,1,Not Graduate,No,4066.0,387.0,154.0,360.0,1.0,Semiurban,Y
LP3859,Male,Yes,1,Graduate,No,2786.0,0.0,136.0,360.0,1.0,Semiurban,N
LP3860,Female,Yes,0,Not Graduate,No,8447.0,0.0,,360.0,1.0,Rural,Y
LP3861,Male,Yes,2,Graduate,No,4806.0,151.0,241.0,180.0,1.0,Urban,N
LP3862,Female,Yes,2,Not Graduate,Yes,2840.0,1148.0,148.0,360.0,0.0,Urban,N
LP3863,Male,Yes,1,Not Graduate,No,8624.0,0.0,321.0,240.0,1.0,Urban,Y
LP3864,Male,No,,Not Graduate,No,6223.0,1326.0,262.0,360.0,1.0,Rural,Y
LP3865,Male,Yes,1,Graduate,Yes,4798.0,491.0,206.0,360.0,1.0,Urban,N
LP3866,Male,No,0,Graduate,No,6690.0,2353.0,341.0,360.0,1.0,Urban,Y
LP3867,Male,Yes,1,Graduate,No,5269.0,1930.0,277.0,360.0,1.0,Urban,N
LP3868,Male,No,1,Graduate,Yes,4984.0,0.0,157.0,180.0,0.0,Semiurban,N
LP3869,Male,Yes,0,Graduate,No,7999.0,0.0,,360.0,1.0,Semiurban,Y
LP3870,Female,Yes,3+,Not Graduate,No,6254.0,0.0,,120.0,0.0,Urban,N
LP3871,Female,Yes,0,Graduate,No,3948.0,0.0,197.0,360.0,1.0,Rural,N
LP3872,Female,Yes,1,Graduate,No,5617.0,0.0,215.0,240.0,1.0,Rural,Y
LP3873,Male,No,0,Graduate,No,7946.0,0.0,373.0,360.0,1.0,Urban,Y
LP3874,Male,Yes,3+,Not Graduate,No,3375.0,1066.0,115.0,360.0,0.0,Semiurban,N
LP3875,Male,Yes,0,Not Graduate,No,9419.0,251.0,420.0,360.0,0.0,Semiurban,N
LP3876,Male,No,0,Not Graduate,Yes,6156.0,1107.0,249.0,360.0,1.0,Urban,N
LP3877,Male,No,0,Graduate,No,5944.0,0.0,205.0,360.0,1.0,Urban,Y
LP3878,Male,Yes,0,Graduate,No,6078.0,0.0,293.0,360.0,1.0,Semiurban,Y
LP3879,Male,Yes,0,Not Graduate,,11200.0,835.0,496.0,,1.0,Semiurban,Y
LP3880,Male,Yes,1,Graduate,No,5634.0,0.0,181.0,360.0,1.0,Urban,Y
LP3881,Female,Yes,0,Graduate,No,4827.0,3107.0,292.0,240.0,1.0,Rural,Y
LP3882,Male,Yes,0,Graduate,No,16357.0,5773.0,870.0,360.0,0.0,Semiurban,N
LP3883,Male,No,0,Graduate,No,5315.0,954.0,258.0,360.0,1.0,Semiurban,Y
LP3884,Male,Yes,2,Graduate,No,8445.0,0.0,339.0,360.0,1.0,Urban,Y
LP3885,Female,Yes,1,Graduate,No,7438.0,0.0,332.0,180.0,1.0,Semiurban,Y
LP3886,Male,Yes,1,Graduate,No,5673.0,499.0,253.0,360.0,1.0,Urban,Y
LP3887,Male,No,1,Graduate,Yes,13674.0,0.0,497.0,360.0,0.0,Semiurban,N
LP3888,Female,No,0,Graduate,No,7171.0,0.0,290.0,360.0,1.0,Rural,Y
LP3889,Female,Yes,0,Graduate,No,3712.0,1541.0,209.0,360.0,0.0,Rural,N
LP3890,Male,No,0,Graduate,No,2033.0,0.0,88.0,360.0,0.0,Urban,N
LP3891,,Yes,2,Graduate,No,7481.0,1967.0,346.0,360.0,0.0,Semiurban,N
LP3892,Male,Yes,3+,Graduate,Yes,4982.0,0.0,213.0,360.0,1.0,Rural,Y
LP3893,Male,Yes,0,Graduate,No,2740.0,0.0,115.0,360.0,1.0,Semiurban,Y
LP3894,Male,Yes,0,Graduate,Yes,5400.0,0.0,156.0,360.0,1.0,Urban,Y
LP3895,Female,Yes,0,Graduate,Yes,7706.0,0.0,268.0,360.0,1.0,Semiurban,Y
LP3896,Male,No,0,Graduate,No,5223.0,0.0,218.0,360.0,1.0,Urban,Y
LP3897,Male,Yes,1,Not Graduate,No,5550.0,0.0,244.0,360.0,0.0,Rural,N
LP3898,Male,No,0,Graduate,Yes,1940.0,0.0,54.0,360.0,1.0,Semiurban,Y
LP3899,Male,Yes,3+,Graduate,No,7488.0,0.0,322.0,360.0,1.0,Semiurban,Y
LP3900,Male,Yes,0,Graduate,Yes,2450.0,725.0,135.0,360.0,1.0,Urban,Y
LP3901,Male,Yes,3+,Not Graduate,No,4307.0,920.0,194.0,360.0,1.0,Semiurban,Y
LP3902,Male,Yes,2,Graduate,Yes,6399.0,0.0,269.0,360.0,1.0,Rural,Y
LP3903,Male,Yes,2,Graduate,No,3908.0,0.0,168.0,360.0,1.0,Urban,N
LP3904,Male,Yes,1,Graduate,No,4277.0,415.0,210.0,360.0,1.0,Semiurban,Y
LP3905,Male,Yes,1,Graduate,No,2920.0,1354.0,185.0,360.0,1.0,Rural,Y
LP3906,Female,Yes,1,Graduate,,6268.0,2942.0,308.0,360.0,1.0,Semiurban,Y
LP3907,Male,No,1,Graduate,No,6493.0,0.0,238.0,120.0,1.0,Semiurban,Y
LP3908,Male,Yes,1,Graduate,Yes,5750.0,1825.0,329.0,360.0,1.0,Semiurban,N
LP3909,Male,Yes,3+,Graduate,Yes,1842.0,3352.0,201.0,360.0,1.0,Semiurban,N
LP3910,Male,Yes,1,Not Graduate,No,2181.0,1480.0,151.0,360.0,0.0,Urban,N
LP3911,Male,No,2,Graduate,No,8442.0,0.0,362.0,240.0,1.0,Urban,Y
LP3912,Male,No,2,Graduate,No,4751.0,974.0,253.0,180.0,1.0,Semiurban,Y
LP3913,Female,Yes,0,Not Graduate,No,14733.0,0.0,593.0,360.0,,Rural,N
LP3914,Male,Yes,0,Not Graduate,No,6282.0,0.0,240.0,360.0,1.0,Urban,Y
LP3915,Male,Yes,0,Not Graduate,Yes,12433.0,1639.0,563.0,360.0,1.0,Urban,Y
LP3916,Male,No,0,Not Graduate,No,5187.0,0.0,207.0,360.0,1.0,Urban,Y
LP3917,Female,No,2,Not Graduate,No,4484.0,1615.0,274.0,360.0,1.0,Rural,N
LP3918,Male,Yes,0,Graduate,No,7530.0,1661.0,397.0,360.0,1.0,Urban,Y
LP3919,Male,Yes,1,Not Graduate,No,9194.0,4109.0,518.0,360.0,1.0,Rural,Y
LP3920,Male,Yes,0,Not Graduate,No,5200.0,0.0,170.0,360.0,1.0,Urban,Y
LP3921,Male,No,0,Graduate,No,7422.0,0.0,264.0,360.0,1.0,Rural,Y
LP3922,Female,Yes,1,Graduate,No,2457.0,0.0,59.0,360.0,1.0,Semiurban,Y
LP3923,Male,Yes,2,Not Graduate,No,3709.0,314.0,163.0,180.0,1.0,Semiurban,Y
LP3924,Male,Yes,0,Graduate,No,6787.0,344.0,309.0,,1.0,Urban,N
LP3925,Female,No,1,Not Graduate,No,4766.0,0.0,181.0,360.0,1.0,Rural,N
LP3926,Female,No,,Graduate,No,6391.0,3337.0,336.0,240.0,1.0,Urban,Y
LP3927,Female,No,0,Graduate,No,6837.0,329.0,286.0,360.0,,Urban,Y
LP3928,Male,Yes,0,Graduate,Yes,7370.0,0.0,271.0,180.0,1.0,Semiurban,Y
LP3929,Male,No,3+,Graduate,No,8362.0,4804.0,487.0,180.0,1.0,Rural,Y
LP3930,Male,Yes,0,Graduate,Yes,8450.0,2143.0,395.0,360.0,1.0,Semiurban,Y
LP3931,Male,Yes,0,Graduate,No,3337.0,864.0,140.0,360.0,1.0,Semiurban,Y
LP3932,Male,Yes,0,Graduate,No,5247.0,666.0,233.0,240.0,0.0,Semiurban,N
LP3933,Male,No,1,Graduate,No,5173.0,0.0,234.0,360.0,1.0,Urban,N
LP3934,Male,Yes,1,Graduate,Yes,5496.0,1675.0,225.0,360.0,1.0,Rural,Y
LP3935,,No,1,Graduate,No,4972.0,1041.0,235.0,240.0,1.0,Rural,Y
LP3936,Male,No,0,Not Graduate,No,5657.0,0.0,163.0,360.0,1.0,Semiurban,N
LP3937,Male,Yes,2,Graduate,No,4215.0,3995.0,281.0,360.0,1.0,Semiurban,Y
LP3938,Female,Yes,0,Graduate,No,8122.0,0.0,346.0,,0.0,Rural,N
LP3939,Male,Yes,0,Graduate,No,6841.0,4126.0,428.0,360.0,1.0,Rural,Y
LP3940,Male,Yes,0,Graduate,No,4195.0,1521.0,198.0,360.0,0.0,Semiurban,N
LP3941,Male,Yes,0,Graduate,No,5706.0,1017.0,243.0,360.0,1.0,Urban,Y
LP3942,Male,Yes,2,Graduate,Yes,11877.0,657.0,488.0,360.0,1.0,Semiurban,Y
LP3943,Male,No,3+,Not Graduate,No,3425.0,0.0,104.0,360.0,0.0,Semiurban,N
LP3944,Male,No,0,Not Graduate,Yes,3768.0,0.0,,240.0,1.0,Semiurban,N
LP3945,Male,Yes,2,Not Graduate,No,8286.0,2087.0,364.0,360.0,1.0,Urban,Y
LP3946,Male,Yes,2,Graduate,Yes,10734.0,1349.0,487.0,360.0,1.0,Semiurban,Y
LP3947,Male,Yes,3+,Graduate,No,6507.0,0.0,239.0,360.0,0.0,Semiurban,N
LP3948,Male,No,0,Graduate,No,5868.0,1331.0,265.0,240.0,1.0,Semiurban,Y
LP3949,Female,No,1,Graduate,,3128.0,0.0,140.0,360.0,1.0,Urban,Y
LP3950,Female,Yes,0,Not Graduate,No,4585.0,1207.0,239.0,360.0,1.0,Rural,Y
LP3951,Male,Yes,2,Graduate,No,4476.0,802.0,221.0,240.0,1.0,Semiurban,Y
LP3952,Male,No,0,Graduate,No,4605.0,710.0,213.0,,1.0,Urban,Y
LP3953,Male,Yes,1,Graduate,No,3976.0,2233.0,193.0,360.0,1.0,Urban,Y
LP3954,Female,Yes,0,Not Graduate,No,3033.0,0.0,120.0,360.0,1.0,Rural,N
LP3955,Male,Yes,0,Not Graduate,No,7564.0,745.0,320.0,120.0,0.0,Semiurban,N
LP3956,Male,Yes,1,Graduate,No,6686.0,312.0,,180.0,1.0,Urban,Y
LP3957,Female,Yes,2,Not Graduate,No,3038.0,1280.0,162.0,360.0,0.0,Rural,N
LP3958,Male,No,1,Graduate,No,5740.0,575.0,221.0,360.0,1.0,Urban,Y
LP3959,Female,No,2,Not Graduate,No,4883.0,0.0,194.0,,1.0,Rural,N
LP3960,Male,Yes,0,Not Graduate,No,11309.0,1232.0,480.0,360.0,1.0,Urban,Y
LP3961,Male,No,0,Not Graduate,No,9576.0,1289.0,408.0,360.0,1.0,Urban,Y
LP3962,Male,Yes,,Graduate,No,11277.0,866.0,444.0,360.0,1.0,Semiurban,Y
LP3963,Female,No,0,Graduate,Yes,4554.0,2222.0,215.0,,1.0,Urban,Y
LP3964,Female,Yes,1,Graduate,No,2300.0,1042.0,164.0,360.0,1.0,Semiurban,N
LP3965,Male,No,1,Graduate,No,3286.0,0.0,135.0,360.0,0.0,Rural,N
LP3966,Male,No,1,Not Graduate,No,4593.0,345.0,248.0,360.0,1.0,Rural,Y
LP3967,Male,Yes,,Graduate,No,5045.0,0.0,258.0,360.0,0.0,Semiurban,N
LP3968,Female,No,,Graduate,No,11392.0,837.0,518.0,360.0,0.0,Semiurban,N
LP3969,Male,No,0,Graduate,No,8101.0,0.0,286.0,120.0,1.0,Urban,Y
LP3970,Male,No,0,Graduate,No,6691.0,0.0,310.0,360.0,1.0,Urban,Y
LP3971,Male,Yes,1,Graduate,,9639.0,0.0,382.0,360.0,1.0,Semiurban,Y
LP3972,Male,No,0,Graduate,No,7202.0,0.0,280.0,360.0,1.0,Urban,Y
LP3973,Male,No,0,Graduate,No,7888.0,0.0,303.0,360.0,0.0,Semiurban,Y
LP3974,Male,Yes,0,Graduate,Yes,4884.0,1688.0,235.0,360.0,1.0,Semiurban,Y
LP3975,Male,No,1,Not Graduate,No,2734.0,0.0,121.0,360.0,1.0,Urban,Y
LP3976,Female,Yes,0,Graduate,No,2466.0,1033.0,199.0,360.0,1.0,Semiurban,N
LP3977,Male,Yes,1,Not Graduate,No,2486.0,0.0,50.0,360.0,1.0,Urban,N
LP3978,,Yes,1,Graduate,,7520.0,0.0,359.0,360.0,1.0,Semiurban,Y
LP3979,Female,Yes,0,Graduate,No,3840.0,511.0,214.0,360.0,1.0,Rural,N
LP3980,Male,Yes,2,Graduate,No,4900.0,0.0,191.0,180.0,,Semiurban,Y
LP3981,Male,Yes,1,Graduate,No,2906.0,0.0,101.0,240.0,0.0,Urban,N
LP3982,Male,No,1,Graduate,No,9078.0,497.0,338.0,360.0,1.0,Semiurban,Y
LP3983,Female,Yes,1,Graduate,No,5610.0,0.0,197.0,180.0,1.0,Urban,Y
LP3984,Male,Yes,0,Graduate,No,6257.0,3800.0,346.0,60.0,1.0,Semiurban,Y
LP3985,Female,Yes,1,Graduate,No,6537.0,0.0,258.0,360.0,1.0,Semiurban,Y
LP3986,Male,Yes,,Graduate,No,6897.0,1104.0,308.0,360.0,1.0,Semiurban,Y
LP3987,Male,No,3+,Graduate,No,9292.0,0.0,395.0,240.0,0.0,Rural,N
LP3988,Male,No,2,Graduate,No,7636.0,1413.0,367.0,360.0,1.0,Semiurban,Y
LP3989,Female,No,1,Not Graduate,No,3507.0,0.0,147.0,360.0,1.0,Urban,N
LP3990,Male,Yes,0,Graduate,,3752.0,0.0,149.0,60.0,1.0,Urban,N
LP3991,Female,Yes,0,Graduate,No,16371.0,1493.0,734.0,360.0,1.0,Rural,Y
LP3992,Male,Yes,0,Not Graduate,No,8550.0,1764.0,420.0,180.0,1.0,Urban,Y
LP3993,Male,Yes,0,Graduate,No,13827.0,0.0,566.0,180.0,1.0,Semiurban,Y
LP3994,Male,Yes,0,Not Graduate,No,5062.0,0.0,190.0,360.0,1.0,Semiurban,Y
LP3995,Female,No,0,Graduate,No,10716.0,526.0,478.0,360.0,0.0,Semiurban,N
LP3996,Male,Yes,0,Not Graduate,No,7000.0,0.0,305.0,360.0,1.0,Rural,Y
LP3997,Male,No,3+,Graduate,Yes,6435.0,884.0,277.0,360.0,1.0,Semiurban,Y
LP3998,Male,Yes,0,Not Graduate,No,5715.0,1484.0,216.0,360.0,1.0,Semiurban,Y
LP3999,Female,Yes,3+,Graduate,No,8046.0,1629.0,374.0,360.0,1.0,Rural,Y
